theme_set_id,n,theme_set_dist_1,theme_set_dist_2,theme_set_dist_3,theme_set_dist_4,theme_set_dist_5,theme_set_dist_6
01_02_03,1,"(1, 4, 1)",,,,,
01_02_04,1,"(0, 1, 0)",,,,,
01_02_05,1,"(1, 1, 0)",,,,,
01_02_06,1,"(0, 1, 16)",,,,,
01_02_07,1,"(0, 1, 1)",,,,,
01_02_08,1,"(1, 0, 144)",,,,,
01_02_09,1,"(0, 1, 1)",,,,,
01_02_10,1,"(0, 1, 4)",,,,,
01_02_11,1,"(0, 4, 0)",,,,,
01_02_12,1,"(0, 1, 9)",,,,,
01_02_13,1,"(0, 4, 4)",,,,,
01_02_14,1,"(0, 1, 1)",,,,,
01_02_15,1,"(0, 1, 1)",,,,,
01_02_16,1,"(1, 1, 16)",,,,,
01_02_17,1,"(1, 4, 4)",,,,,
01_02_18,1,"(1, 0, 0)",,,,,
01_02_19,1,"(1, 0, 4)",,,,,
01_02_20,1,"(0, 4, 0)",,,,,
01_02_21,1,"(0, 1, 16)",,,,,
01_02_22,1,"(0, 1, 1)",,,,,
01_02_23,1,"(1, 0, 0)",,,,,
01_02_24,1,"(0, 1, 4)",,,,,
01_02_25,1,"(0, 1, 0)",,,,,
01_02_26,1,"(0, 1, 1)",,,,,
01_03_04,1,"(1, 1, 0)",,,,,
01_03_05,1,"(1, 1, 1)",,,,,
01_03_06,1,"(1, 1, 16)",,,,,
01_03_07,1,"(1, 1, 1)",,,,,
01_03_08,1,"(4, 1, 64)",,,,,
01_03_09,1,"(1, 4, 1)",,,,,
01_03_10,1,"(1, 1, 1)",,,,,
01_03_11,1,"(1, 1, 0)",,,,,
01_03_12,1,"(4, 0, 0)",,,,,
01_03_13,1,"(1, 1, 1)",,,,,
01_03_14,2,"(4, 1, 1)","(1, 4, 1)",,,,
01_03_15,1,"(1, 1, 1)",,,,,
01_03_16,1,"(4, 0, 9)",,,,,
01_03_17,1,"(4, 1, 4)",,,,,
01_03_18,1,"(1, 4, 1)",,,,,
01_03_19,1,"(4, 1, 4)",,,,,
01_03_20,1,"(1, 1, 1)",,,,,
01_03_21,1,"(4, 0, 4)",,,,,
01_03_22,1,"(1, 1, 9)",,,,,
01_03_23,1,"(1, 1, 1)",,,,,
01_03_24,1,"(1, 1, 1)",,,,,
01_03_25,1,"(1, 4, 0)",,,,,
01_03_26,1,"(1, 4, 1)",,,,,
01_04_05,1,"(1, 0, 0)",,,,,
01_04_06,1,"(1, 0, 4)",,,,,
01_04_07,2,"(1, 0, 0)","(0, 0, 1)",,,,
01_04_08,1,"(4, 0, 49)",,,,,
01_04_09,1,"(1, 0, 0)",,,,,
01_04_10,2,"(1, 0, 1)","(0, 0, 4)",,,,
01_04_11,1,"(0, 0, 0)",,,,,
01_04_12,1,"(1, 0, 1)",,,,,
01_04_13,1,"(0, 0, 1)",,,,,
01_04_14,1,"(1, 0, 0)",,,,,
01_04_15,2,"(1, 0, 0)","(0, 0, 1)",,,,
01_04_16,1,"(4, 0, 4)",,,,,
01_04_17,1,"(1, 0, 4)",,,,,
01_04_18,1,"(1, 0, 0)",,,,,
01_04_19,2,"(4, 0, 1)","(1, 0, 4)",,,,
01_04_20,1,"(0, 0, 0)",,,,,
01_04_21,1,"(0, 0, 16)",,,,,
01_04_22,1,"(0, 0, 1)",,,,,
01_04_23,2,"(1, 0, 0)","(0, 0, 1)",,,,
01_04_24,1,"(1, 0, 1)",,,,,
01_04_25,1,"(0, 0, 0)",,,,,
01_04_26,2,"(1, 0, 0)","(0, 0, 1)",,,,
01_05_06,1,"(1, 0, 4)",,,,,
01_05_07,1,"(1, 4, 0)",,,,,
01_05_08,1,"(4, 1, 64)",,,,,
01_05_09,1,"(1, 9, 0)",,,,,
01_05_10,2,"(4, 1, 1)","(1, 9, 1)",,,,
01_05_11,1,"(0, 16, 0)",,,,,
01_05_12,1,"(1, 1, 1)",,,,,
01_05_13,2,"(4, 4, 1)","(1, 16, 1)",,,,
01_05_14,1,"(4, 0, 0)",,,,,
01_05_15,1,"(1, 4, 0)",,,,,
01_05_16,1,"(4, 0, 9)",,,,,
01_05_17,1,"(4, 4, 4)",,,,,
01_05_18,1,"(1, 4, 0)",,,,,
01_05_19,2,"(4, 4, 1)","(1, 4, 4)",,,,
01_05_20,1,"(1, 1, 0)",,,,,
01_05_21,1,"(1, 0, 9)",,,,,
01_05_22,1,"(0, 9, 1)",,,,,
01_05_23,1,"(1, 1, 0)",,,,,
01_05_24,1,"(1, 9, 1)",,,,,
01_05_25,1,"(0, 9, 0)",,,,,
01_05_26,2,"(1, 9, 0)","(0, 9, 1)",,,,
01_06_07,1,"(1, 4, 0)",,,,,
01_06_08,1,"(4, 4, 100)",,,,,
01_06_09,1,"(1, 4, 1)",,,,,
01_06_10,1,"(4, 1, 0)",,,,,
01_06_11,1,"(1, 9, 0)",,,,,
01_06_12,1,"(1, 16, 1)",,,,,
01_06_13,1,"(1, 4, 1)",,,,,
01_06_14,1,"(1, 4, 1)",,,,,
01_06_15,1,"(1, 9, 0)",,,,,
01_06_16,1,"(4, 0, 9)",,,,,
01_06_17,1,"(4, 9, 4)",,,,,
01_06_18,1,"(1, 4, 1)",,,,,
01_06_19,2,"(4, 4, 4)","(1, 16, 4)",,,,
01_06_20,1,"(0, 16, 0)",,,,,
01_06_21,1,"(4, 0, 4)",,,,,
01_06_22,1,"(1, 9, 1)",,,,,
01_06_23,1,"(1, 4, 0)",,,,,
01_06_24,1,"(1, 4, 4)",,,,,
01_06_25,1,"(1, 9, 0)",,,,,
01_06_26,1,"(1, 9, 1)",,,,,
01_07_08,1,"(4, 0, 100)",,,,,
01_07_09,1,"(0, 1, 1)",,,,,
01_07_10,1,"(1, 1, 1)",,,,,
01_07_11,1,"(1, 1, 0)",,,,,
01_07_12,1,"(1, 1, 1)",,,,,
01_07_13,1,"(1, 1, 1)",,,,,
01_07_14,1,"(0, 1, 1)",,,,,
01_07_15,1,"(1, 1, 0)",,,,,
01_07_16,1,"(1, 0, 25)",,,,,
01_07_17,1,"(1, 1, 4)",,,,,
01_07_18,1,"(1, 0, 1)",,,,,
01_07_19,2,"(4, 0, 1)","(1, 0, 4)",,,,
01_07_20,1,"(0, 1, 1)",,,,,
01_07_21,1,"(1, 0, 16)",,,,,
01_07_22,1,"(0, 1, 4)",,,,,
01_07_23,1,"(1, 0, 0)",,,,,
01_07_24,1,"(0, 1, 4)",,,,,
01_07_25,1,"(0, 4, 0)",,,,,
01_07_26,1,"(1, 1, 1)",,,,,
01_08_09,1,"(1, 196, 1)",,,,,
01_08_10,1,"(9, 25, 0)",,,,,
01_08_11,1,"(4, 144, 0)",,,,,
01_08_12,1,"(4, 64, 1)",,,,,
01_08_13,1,"(4, 100, 1)",,,,,
01_08_14,1,"(4, 144, 1)",,,,,
01_08_15,1,"(4, 64, 0)",,,,,
01_08_16,1,"(9, 9, 4)",,,,,
01_08_17,1,"(9, 64, 0)",,,,,
01_08_18,1,"(4, 49, 0)",,,,,
01_08_19,1,"(9, 4, 0)",,,,,
01_08_20,1,"(1, 144, 1)",,,,,
01_08_21,1,"(4, 121, 9)",,,,,
01_08_22,1,"(4, 100, 4)",,,,,
01_08_23,1,"(4, 49, 0)",,,,,
01_08_24,1,"(4, 100, 1)",,,,,
01_08_25,1,"(1, 196, 0)",,,,,
01_08_26,1,"(4, 100, 0)",,,,,
01_09_10,2,"(1, 1, 1)","(1, 0, 4)",,,,
01_09_11,1,"(1, 0, 0)",,,,,
01_09_12,1,"(1, 1, 4)",,,,,
01_09_13,1,"(0, 1, 1)",,,,,
01_09_14,1,"(1, 0, 0)",,,,,
01_09_15,1,"(0, 1, 1)",,,,,
01_09_16,2,"(4, 0, 25)","(1, 1, 25)",,,,
01_09_17,1,"(4, 1, 4)",,,,,
01_09_18,1,"(1, 0, 4)",,,,,
01_09_19,1,"(4, 1, 4)",,,,,
01_09_20,1,"(0, 1, 0)",,,,,
01_09_21,1,"(1, 0, 9)",,,,,
01_09_22,1,"(1, 0, 1)",,,,,
01_09_23,1,"(0, 1, 1)",,,,,
01_09_24,1,"(1, 1, 1)",,,,,
01_09_25,1,"(1, 0, 0)",,,,,
01_09_26,1,"(1, 0, 1)",,,,,
01_10_11,1,"(1, 4, 0)",,,,,
01_10_12,1,"(1, 1, 1)",,,,,
01_10_13,1,"(4, 0, 1)",,,,,
01_10_14,1,"(1, 1, 1)",,,,,
01_10_15,3,"(0, 9, 4)","(0, 4, 9)","(0, 16, 1)",,,
01_10_16,1,"(4, 1, 9)",,,,,
01_10_17,1,"(4, 4, 1)",,,,,
01_10_18,1,"(1, 1, 1)",,,,,
01_10_19,2,"(4, 1, 1)","(1, 1, 4)",,,,
01_10_20,1,"(1, 1, 0)",,,,,
01_10_21,1,"(4, 0, 4)",,,,,
01_10_22,1,"(1, 1, 1)",,,,,
01_10_23,1,"(1, 1, 0)",,,,,
01_10_24,2,"(4, 1, 1)","(1, 4, 1)",,,,
01_10_25,1,"(1, 4, 0)",,,,,
01_10_26,2,"(1, 4, 0)","(1, 1, 1)",,,,
01_11_12,1,"(1, 0, 1)",,,,,
01_11_13,1,"(1, 0, 4)",,,,,
01_11_14,1,"(0, 0, 1)",,,,,
01_11_15,1,"(1, 0, 0)",,,,,
01_11_16,1,"(4, 0, 16)",,,,,
01_11_17,1,"(1, 0, 4)",,,,,
01_11_18,1,"(1, 0, 1)",,,,,
01_11_19,1,"(1, 0, 4)",,,,,
01_11_20,1,"(0, 1, 1)",,,,,
01_11_21,1,"(0, 0, 16)",,,,,
01_11_22,1,"(0, 0, 1)",,,,,
01_11_23,2,"(1, 0, 1)","(0, 0, 4)",,,,
01_11_24,1,"(1, 0, 1)",,,,,
01_11_25,1,"(0, 0, 0)",,,,,
01_11_26,1,"(1, 0, 0)",,,,,
01_12_13,1,"(1, 1, 1)",,,,,
01_12_14,3,"(4, 4, 0)","(1, 4, 1)","(1, 9, 0)",,,
01_12_15,1,"(1, 4, 0)",,,,,
01_12_16,1,"(4, 0, 9)",,,,,
01_12_17,1,"(4, 1, 4)",,,,,
01_12_18,1,"(1, 4, 1)",,,,,
01_12_19,1,"(4, 1, 4)",,,,,
01_12_20,1,"(1, 1, 1)",,,,,
01_12_21,1,"(4, 0, 4)",,,,,
01_12_22,1,"(1, 4, 4)",,,,,
01_12_23,1,"(1, 1, 1)",,,,,
01_12_24,1,"(1, 1, 1)",,,,,
01_12_25,1,"(1, 4, 0)",,,,,
01_12_26,1,"(1, 4, 1)",,,,,
01_13_14,1,"(1, 1, 1)",,,,,
01_13_15,1,"(0, 4, 4)",,,,,
01_13_16,1,"(1, 1, 25)",,,,,
01_13_17,1,"(1, 1, 25)",,,,,
01_13_18,1,"(1, 1, 4)",,,,,
01_13_19,1,"(4, 1, 4)",,,,,
01_13_20,1,"(1, 1, 1)",,,,,
01_13_21,1,"(4, 0, 4)",,,,,
01_13_22,1,"(0, 4, 1)",,,,,
01_13_23,1,"(0, 1, 1)",,,,,
01_13_24,1,"(0, 1, 4)",,,,,
01_13_25,1,"(0, 4, 0)",,,,,
01_13_26,1,"(1, 1, 1)",,,,,
01_14_15,1,"(0, 1, 1)",,,,,
01_14_16,1,"(4, 0, 25)",,,,,
01_14_17,1,"(4, 1, 4)",,,,,
01_14_18,2,"(1, 0, 4)","(1, 1, 1)",,,,
01_14_19,1,"(4, 1, 4)",,,,,
01_14_20,1,"(0, 1, 1)",,,,,
01_14_21,1,"(1, 0, 9)",,,,,
01_14_22,1,"(1, 0, 1)",,,,,
01_14_23,1,"(0, 1, 1)",,,,,
01_14_24,1,"(1, 1, 1)",,,,,
01_14_25,1,"(1, 0, 0)",,,,,
01_14_26,1,"(4, 0, 0)",,,,,
01_15_16,1,"(4, 0, 4)",,,,,
01_15_17,1,"(4, 0, 4)",,,,,
01_15_18,1,"(1, 0, 1)",,,,,
01_15_19,1,"(4, 0, 1)",,,,,
01_15_20,1,"(0, 1, 1)",,,,,
01_15_21,1,"(1, 0, 9)",,,,,
01_15_22,1,"(1, 0, 1)",,,,,
01_15_23,1,"(1, 1, 0)",,,,,
01_15_24,1,"(1, 1, 1)",,,,,
01_15_25,1,"(1, 0, 0)",,,,,
01_15_26,1,"(0, 1, 1)",,,,,
01_16_17,1,"(9, 16, 1)",,,,,
01_16_18,1,"(1, 16, 1)",,,,,
01_16_19,1,"(4, 16, 1)",,,,,
01_16_20,1,"(1, 16, 1)",,,,,
01_16_21,1,"(4, 4, 9)",,,,,
01_16_22,1,"(1, 16, 4)",,,,,
01_16_23,1,"(1, 16, 0)",,,,,
01_16_24,1,"(4, 9, 1)",,,,,
01_16_25,1,"(1, 25, 0)",,,,,
01_16_26,1,"(1, 25, 0)",,,,,
01_17_18,1,"(1, 4, 1)",,,,,
01_17_19,1,"(9, 0, 0)",,,,,
01_17_20,1,"(1, 16, 1)",,,,,
01_17_21,1,"(1, 4, 25)",,,,,
01_17_22,1,"(1, 4, 4)",,,,,
01_17_23,1,"(1, 4, 1)",,,,,
01_17_24,1,"(4, 4, 1)",,,,,
01_17_25,1,"(4, 4, 0)",,,,,
01_17_26,1,"(4, 4, 0)",,,,,
01_18_19,2,"(4, 0, 1)","(1, 0, 4)",,,,
01_18_20,1,"(0, 4, 1)",,,,,
01_18_21,2,"(1, 1, 16)","(1, 0, 25)",,,,
01_18_22,1,"(1, 1, 1)",,,,,
01_18_23,1,"(1, 0, 0)",,,,,
01_18_24,1,"(1, 1, 1)",,,,,
01_18_25,1,"(1, 1, 0)",,,,,
01_18_26,2,"(1, 4, 0)","(1, 1, 1)",,,,
01_19_20,1,"(1, 4, 1)",,,,,
01_19_21,1,"(4, 1, 25)",,,,,
01_19_22,1,"(4, 1, 4)",,,,,
01_19_23,1,"(4, 1, 0)",,,,,
01_19_24,1,"(4, 4, 1)",,,,,
01_19_25,1,"(4, 4, 0)",,,,,
01_19_26,2,"(4, 4, 0)","(1, 4, 1)",,,,
01_20_21,1,"(0, 1, 16)",,,,,
01_20_22,1,"(1, 1, 0)",,,,,
01_20_23,1,"(0, 0, 1)",,,,,
01_20_24,1,"(0, 1, 4)",,,,,
01_20_25,1,"(0, 1, 0)",,,,,
01_20_26,1,"(0, 1, 1)",,,,,
01_21_22,1,"(1, 9, 0)",,,,,
01_21_23,1,"(1, 16, 0)",,,,,
01_21_24,1,"(4, 4, 0)",,,,,
01_21_25,1,"(0, 16, 0)",,,,,
01_21_26,1,"(1, 9, 0)",,,,,
01_22_23,1,"(0, 4, 1)",,,,,
01_22_24,1,"(1, 4, 1)",,,,,
01_22_25,1,"(0, 1, 0)",,,,,
01_22_26,1,"(1, 0, 0)",,,,,
01_23_24,1,"(0, 1, 4)",,,,,
01_23_25,1,"(0, 4, 0)",,,,,
01_23_26,1,"(1, 1, 1)",,,,,
01_24_25,1,"(1, 1, 0)",,,,,
01_24_26,1,"(1, 4, 0)",,,,,
01_25_26,1,"(1, 0, 0)",,,,,
02_03_04,2,"(4, 1, 0)","(1, 4, 0)",,,,
02_03_05,1,"(4, 1, 0)",,,,,
02_03_06,1,"(4, 1, 4)",,,,,
02_03_07,2,"(4, 1, 1)","(1, 4, 1)",,,,
02_03_08,1,"(9, 1, 121)",,,,,
02_03_09,1,"(4, 4, 1)",,,,,
02_03_10,1,"(4, 1, 1)",,,,,
02_03_11,1,"(4, 1, 0)",,,,,
02_03_12,1,"(9, 0, 0)",,,,,
02_03_13,1,"(9, 0, 1)",,,,,
02_03_14,1,"(9, 4, 0)",,,,,
02_03_15,1,"(4, 1, 1)",,,,,
02_03_16,1,"(1, 4, 9)",,,,,
02_03_17,1,"(9, 4, 4)",,,,,
02_03_18,1,"(1, 4, 1)",,,,,
02_03_19,1,"(1, 4, 9)",,,,,
02_03_20,1,"(4, 1, 1)",,,,,
02_03_21,1,"(9, 0, 1)",,,,,
02_03_22,2,"(4, 1, 9)","(1, 4, 9)",,,,
02_03_23,1,"(1, 4, 1)",,,,,
02_03_24,1,"(4, 1, 1)",,,,,
02_03_25,1,"(4, 4, 0)",,,,,
02_03_26,2,"(4, 4, 1)","(1, 4, 4)",,,,
02_04_05,1,"(0, 0, 0)",,,,,
02_04_06,1,"(1, 0, 0)",,,,,
02_04_07,1,"(0, 0, 0)",,,,,
02_04_08,1,"(0, 0, 100)",,,,,
02_04_09,2,"(4, 0, 0)","(1, 0, 1)",,,,
02_04_10,2,"(1, 0, 1)","(0, 0, 4)",,,,
02_04_11,1,"(1, 0, 0)",,,,,
02_04_12,1,"(1, 0, 4)",,,,,
02_04_13,1,"(1, 0, 1)",,,,,
02_04_14,1,"(4, 0, 0)",,,,,
02_04_15,1,"(1, 0, 0)",,,,,
02_04_16,2,"(1, 0, 9)","(0, 0, 16)",,,,
02_04_17,1,"(1, 0, 4)",,,,,
02_04_18,1,"(0, 0, 0)",,,,,
02_04_19,1,"(0, 0, 4)",,,,,
02_04_20,1,"(0, 0, 1)",,,,,
02_04_21,1,"(0, 0, 16)",,,,,
02_04_22,1,"(1, 0, 1)",,,,,
02_04_23,1,"(0, 0, 0)",,,,,
02_04_24,1,"(1, 0, 1)",,,,,
02_04_25,1,"(1, 0, 0)",,,,,
02_04_26,1,"(1, 0, 1)",,,,,
02_05_06,1,"(1, 0, 0)",,,,,
02_05_07,1,"(1, 0, 0)",,,,,
02_05_08,1,"(0, 0, 100)",,,,,
02_05_09,1,"(4, 0, 1)",,,,,
02_05_10,1,"(1, 4, 1)",,,,,
02_05_11,1,"(1, 4, 1)",,,,,
02_05_12,1,"(4, 1, 1)",,,,,
02_05_13,1,"(1, 4, 1)",,,,,
02_05_14,1,"(4, 0, 0)",,,,,
02_05_15,1,"(1, 0, 0)",,,,,
02_05_16,1,"(1, 0, 9)",,,,,
02_05_17,1,"(1, 4, 4)",,,,,
02_05_18,1,"(0, 0, 0)",,,,,
02_05_19,1,"(0, 0, 4)",,,,,
02_05_20,1,"(0, 1, 1)",,,,,
02_05_21,1,"(1, 0, 9)",,,,,
02_05_22,1,"(1, 0, 4)",,,,,
02_05_23,1,"(0, 0, 0)",,,,,
02_05_24,1,"(4, 4, 1)",,,,,
02_05_25,1,"(1, 0, 1)",,,,,
02_05_26,1,"(0, 0, 4)",,,,,
02_06_07,1,"(1, 0, 0)",,,,,
02_06_08,1,"(0, 4, 100)",,,,,
02_06_09,1,"(4, 4, 1)",,,,,
02_06_10,1,"(1, 0, 1)",,,,,
02_06_11,1,"(4, 9, 0)",,,,,
02_06_12,1,"(1, 4, 9)",,,,,
02_06_13,1,"(4, 0, 1)",,,,,
02_06_14,1,"(4, 0, 1)",,,,,
02_06_15,1,"(1, 9, 0)",,,,,
02_06_16,1,"(1, 0, 16)",,,,,
02_06_17,1,"(1, 9, 4)",,,,,
02_06_18,1,"(0, 4, 0)",,,,,
02_06_19,1,"(0, 4, 4)",,,,,
02_06_20,1,"(1, 0, 1)",,,,,
02_06_21,1,"(1, 0, 9)",,,,,
02_06_22,1,"(1, 9, 1)",,,,,
02_06_23,1,"(1, 0, 0)",,,,,
02_06_24,1,"(1, 0, 9)",,,,,
02_06_25,1,"(1, 9, 0)",,,,,
02_06_26,1,"(1, 9, 1)",,,,,
02_07_08,1,"(0, 0, 144)",,,,,
02_07_09,1,"(1, 1, 1)",,,,,
02_07_10,1,"(0, 0, 4)",,,,,
02_07_11,1,"(1, 0, 1)",,,,,
02_07_12,1,"(1, 1, 4)",,,,,
02_07_13,1,"(1, 1, 1)",,,,,
02_07_14,1,"(1, 1, 1)",,,,,
02_07_15,1,"(1, 0, 1)",,,,,
02_07_16,1,"(1, 0, 16)",,,,,
02_07_17,1,"(0, 0, 16)",,,,,
02_07_18,1,"(0, 0, 0)",,,,,
02_07_19,1,"(0, 0, 4)",,,,,
02_07_20,1,"(1, 0, 1)",,,,,
02_07_21,1,"(1, 0, 9)",,,,,
02_07_22,1,"(0, 0, 9)",,,,,
02_07_23,1,"(0, 0, 0)",,,,,
02_07_24,1,"(1, 1, 4)",,,,,
02_07_25,1,"(0, 0, 4)",,,,,
02_07_26,1,"(0, 0, 4)",,,,,
02_08_09,1,"(0, 144, 4)",,,,,
02_08_10,1,"(1, 100, 1)",,,,,
02_08_11,1,"(1, 225, 0)",,,,,
02_08_12,1,"(1, 169, 4)",,,,,
02_08_13,1,"(1, 100, 1)",,,,,
02_08_14,1,"(0, 100, 4)",,,,,
02_08_15,1,"(1, 144, 0)",,,,,
02_08_16,1,"(0, 100, 16)",,,,,
02_08_17,1,"(0, 144, 16)",,,,,
02_08_18,1,"(0, 100, 0)",,,,,
02_08_19,1,"(9, 49, 1)",,,,,
02_08_20,1,"(0, 100, 1)",,,,,
02_08_21,1,"(0, 100, 16)",,,,,
02_08_22,1,"(0, 100, 9)",,,,,
02_08_23,1,"(0, 100, 0)",,,,,
02_08_24,1,"(1, 196, 1)",,,,,
02_08_25,1,"(1, 169, 0)",,,,,
02_08_26,2,"(9, 100, 0)","(0, 100, 4)",,,,
02_09_10,1,"(4, 1, 1)",,,,,
02_09_11,1,"(1, 1, 0)",,,,,
02_09_12,1,"(4, 1, 4)",,,,,
02_09_13,1,"(4, 1, 1)",,,,,
02_09_14,1,"(4, 0, 0)",,,,,
02_09_15,1,"(1, 1, 1)",,,,,
02_09_16,1,"(1, 1, 25)",,,,,
02_09_17,1,"(1, 1, 16)",,,,,
02_09_18,1,"(0, 4, 0)",,,,,
02_09_19,1,"(0, 4, 4)",,,,,
02_09_20,1,"(4, 1, 0)",,,,,
02_09_21,1,"(4, 0, 9)",,,,,
02_09_22,1,"(4, 0, 1)",,,,,
02_09_23,1,"(0, 4, 0)",,,,,
02_09_24,1,"(4, 1, 1)",,,,,
02_09_25,1,"(1, 1, 0)",,,,,
02_09_26,1,"(4, 1, 0)",,,,,
02_10_11,1,"(4, 4, 0)",,,,,
02_10_12,1,"(4, 1, 1)",,,,,
02_10_13,1,"(1, 1, 1)",,,,,
02_10_14,1,"(1, 1, 1)",,,,,
02_10_15,2,"(0, 9, 4)","(0, 4, 9)",,,,
02_10_16,1,"(1, 1, 16)",,,,,
02_10_17,1,"(0, 4, 16)",,,,,
02_10_18,1,"(0, 4, 0)",,,,,
02_10_19,1,"(1, 1, 4)",,,,,
02_10_20,1,"(4, 1, 0)",,,,,
02_10_21,1,"(1, 1, 9)",,,,,
02_10_22,1,"(1, 4, 1)",,,,,
02_10_23,1,"(0, 4, 0)",,,,,
02_10_24,1,"(4, 4, 1)",,,,,
02_10_25,1,"(4, 1, 0)",,,,,
02_10_26,1,"(1, 4, 1)",,,,,
02_11_12,1,"(4, 0, 1)",,,,,
02_11_13,2,"(4, 0, 4)","(1, 1, 4)",,,,
02_11_14,1,"(1, 0, 1)",,,,,
02_11_15,1,"(1, 0, 1)",,,,,
02_11_16,1,"(1, 1, 25)",,,,,
02_11_17,1,"(4, 0, 4)",,,,,
02_11_18,1,"(1, 0, 1)",,,,,
02_11_19,1,"(9, 0, 1)",,,,,
02_11_20,1,"(1, 1, 1)",,,,,
02_11_21,1,"(1, 0, 16)",,,,,
02_11_22,1,"(1, 0, 1)",,,,,
02_11_23,1,"(1, 1, 0)",,,,,
02_11_24,1,"(4, 0, 1)",,,,,
02_11_25,1,"(1, 0, 0)",,,,,
02_11_26,1,"(1, 0, 1)",,,,,
02_12_13,1,"(4, 1, 4)",,,,,
02_12_14,1,"(4, 9, 0)",,,,,
02_12_15,1,"(1, 9, 0)",,,,,
02_12_16,1,"(1, 9, 9)",,,,,
02_12_17,1,"(9, 4, 4)",,,,,
02_12_18,1,"(1, 4, 1)",,,,,
02_12_19,1,"(0, 16, 4)",,,,,
02_12_20,1,"(4, 1, 1)",,,,,
02_12_21,1,"(9, 0, 4)",,,,,
02_12_22,1,"(1, 9, 4)",,,,,
02_12_23,1,"(1, 9, 0)",,,,,
02_12_24,1,"(4, 1, 1)",,,,,
02_12_25,1,"(1, 9, 0)",,,,,
02_12_26,1,"(1, 4, 4)",,,,,
02_13_14,1,"(4, 4, 0)",,,,,
02_13_15,1,"(0, 9, 4)",,,,,
02_13_16,1,"(1, 1, 16)",,,,,
02_13_17,1,"(1, 4, 16)",,,,,
02_13_18,1,"(1, 1, 1)",,,,,
02_13_19,1,"(1, 1, 4)",,,,,
02_13_20,1,"(1, 4, 1)",,,,,
02_13_21,1,"(9, 0, 1)",,,,,
02_13_22,1,"(1, 4, 1)",,,,,
02_13_23,1,"(1, 1, 0)",,,,,
02_13_24,1,"(4, 4, 1)",,,,,
02_13_25,1,"(1, 4, 0)",,,,,
02_13_26,1,"(1, 4, 1)",,,,,
02_14_15,1,"(1, 1, 1)",,,,,
02_14_16,1,"(1, 1, 16)",,,,,
02_14_17,1,"(1, 1, 16)",,,,,
02_14_18,1,"(1, 1, 1)",,,,,
02_14_19,1,"(0, 4, 4)",,,,,
02_14_20,2,"(4, 0, 1)","(4, 1, 0)",,,,
02_14_21,1,"(4, 0, 4)",,,,,
02_14_22,1,"(4, 0, 1)",,,,,
02_14_23,1,"(1, 1, 1)",,,,,
02_14_24,1,"(4, 0, 4)",,,,,
02_14_25,1,"(4, 0, 0)",,,,,
02_14_26,1,"(4, 0, 1)",,,,,
02_15_16,1,"(1, 0, 9)",,,,,
02_15_17,1,"(1, 4, 4)",,,,,
02_15_18,1,"(1, 0, 1)",,,,,
02_15_19,1,"(1, 1, 4)",,,,,
02_15_20,1,"(1, 0, 1)",,,,,
02_15_21,1,"(1, 0, 9)",,,,,
02_15_22,1,"(1, 1, 1)",,,,,
02_15_23,2,"(0, 4, 0)","(1, 1, 0)",,,,
02_15_24,1,"(1, 0, 4)",,,,,
02_15_25,1,"(1, 0, 0)",,,,,
02_15_26,1,"(1, 1, 1)",,,,,
02_16_17,1,"(1, 36, 4)",,,,,
02_16_18,1,"(0, 16, 0)",,,,,
02_16_19,1,"(0, 16, 4)",,,,,
02_16_20,1,"(1, 16, 1)",,,,,
02_16_21,1,"(1, 9, 9)",,,,,
02_16_22,2,"(4, 9, 4)","(1, 16, 4)",,,,
02_16_23,1,"(0, 16, 0)",,,,,
02_16_24,1,"(1, 16, 4)",,,,,
02_16_25,1,"(1, 16, 0)",,,,,
02_16_26,1,"(4, 16, 0)",,,,,
02_17_18,1,"(0, 16, 0)",,,,,
02_17_19,1,"(9, 1, 1)",,,,,
02_17_20,1,"(4, 4, 1)",,,,,
02_17_21,1,"(1, 16, 9)",,,,,
02_17_22,1,"(1, 4, 4)",,,,,
02_17_23,1,"(0, 16, 0)",,,,,
02_17_24,1,"(9, 4, 1)",,,,,
02_17_25,2,"(1, 16, 0)","(1, 4, 1)",,,,
02_17_26,1,"(1, 4, 1)",,,,,
02_18_19,1,"(0, 0, 4)",,,,,
02_18_20,1,"(0, 1, 1)",,,,,
02_18_21,1,"(0, 0, 16)",,,,,
02_18_22,1,"(0, 0, 9)",,,,,
02_18_23,1,"(0, 0, 0)",,,,,
02_18_24,1,"(1, 1, 1)",,,,,
02_18_25,1,"(1, 1, 0)",,,,,
02_18_26,1,"(0, 0, 4)",,,,,
02_19_20,1,"(0, 4, 1)",,,,,
02_19_21,1,"(0, 4, 16)",,,,,
02_19_22,1,"(1, 4, 4)",,,,,
02_19_23,1,"(0, 4, 0)",,,,,
02_19_24,1,"(1, 9, 1)",,,,,
02_19_25,1,"(1, 4, 1)",,,,,
02_19_26,1,"(1, 4, 1)",,,,,
02_20_21,1,"(1, 1, 9)",,,,,
02_20_22,1,"(4, 1, 0)",,,,,
02_20_23,1,"(0, 1, 0)",,,,,
02_20_24,1,"(1, 1, 4)",,,,,
02_20_25,1,"(1, 1, 0)",,,,,
02_20_26,1,"(1, 1, 1)",,,,,
02_21_22,1,"(4, 4, 0)",,,,,
02_21_23,1,"(0, 16, 0)",,,,,
02_21_24,1,"(4, 4, 1)",,,,,
02_21_25,1,"(1, 9, 0)",,,,,
02_21_26,1,"(4, 4, 0)",,,,,
02_22_23,1,"(0, 9, 0)",,,,,
02_22_24,2,"(4, 4, 1)","(1, 4, 4)",,,,
02_22_25,1,"(1, 1, 0)",,,,,
02_22_26,1,"(4, 0, 0)",,,,,
02_23_24,1,"(0, 0, 9)",,,,,
02_23_25,1,"(0, 0, 4)",,,,,
02_23_26,1,"(0, 0, 4)",,,,,
02_24_25,1,"(4, 1, 0)",,,,,
02_24_26,1,"(1, 1, 4)",,,,,
02_25_26,1,"(1, 0, 1)",,,,,
03_04_05,1,"(0, 0, 0)",,,,,
03_04_06,1,"(0, 0, 9)",,,,,
03_04_07,1,"(0, 0, 1)",,,,,
03_04_08,1,"(1, 0, 1)",,,,,
03_04_09,2,"(1, 0, 1)","(0, 0, 4)",,,,
03_04_10,1,"(0, 0, 1)",,,,,
03_04_11,1,"(0, 0, 0)",,,,,
03_04_12,1,"(0, 0, 0)",,,,,
03_04_13,2,"(1, 0, 0)","(0, 0, 1)",,,,
03_04_14,1,"(1, 0, 1)",,,,,
03_04_15,1,"(1, 0, 1)",,,,,
03_04_16,1,"(0, 0, 0)",,,,,
03_04_17,1,"(1, 0, 1)",,,,,
03_04_18,1,"(1, 0, 1)",,,,,
03_04_19,1,"(1, 0, 1)",,,,,
03_04_20,1,"(1, 0, 1)",,,,,
03_04_21,1,"(0, 0, 0)",,,,,
03_04_22,2,"(1, 0, 4)","(0, 0, 9)",,,,
03_04_23,2,"(1, 0, 0)","(0, 0, 1)",,,,
03_04_24,1,"(0, 0, 1)",,,,,
03_04_25,1,"(1, 0, 0)",,,,,
03_04_26,1,"(1, 0, 1)",,,,,
03_05_06,1,"(0, 0, 9)",,,,,
03_05_07,1,"(1, 1, 0)",,,,,
03_05_08,1,"(1, 0, 1)",,,,,
03_05_09,1,"(1, 0, 4)",,,,,
03_05_10,1,"(1, 1, 1)",,,,,
03_05_11,1,"(0, 9, 1)",,,,,
03_05_12,1,"(0, 0, 1)",,,,,
03_05_13,1,"(0, 1, 4)",,,,,
03_05_14,1,"(1, 0, 1)",,,,,
03_05_15,1,"(1, 0, 1)",,,,,
03_05_16,1,"(0, 0, 1)",,,,,
03_05_17,1,"(1, 4, 1)",,,,,
03_05_18,1,"(1, 1, 1)",,,,,
03_05_19,1,"(1, 0, 1)",,,,,
03_05_20,1,"(1, 0, 1)",,,,,
03_05_21,1,"(0, 1, 0)",,,,,
03_05_22,1,"(1, 1, 9)",,,,,
03_05_23,1,"(1, 0, 0)",,,,,
03_05_24,1,"(1, 4, 1)",,,,,
03_05_25,1,"(1, 4, 0)",,,,,
03_05_26,1,"(1, 1, 4)",,,,,
03_06_07,1,"(1, 4, 0)",,,,,
03_06_08,1,"(1, 4, 1)",,,,,
03_06_09,1,"(4, 1, 1)",,,,,
03_06_10,1,"(4, 1, 0)",,,,,
03_06_11,1,"(0, 36, 0)",,,,,
03_06_12,1,"(0, 25, 0)",,,,,
03_06_13,1,"(1, 4, 0)",,,,,
03_06_14,1,"(4, 1, 0)",,,,,
03_06_15,1,"(1, 4, 1)",,,,,
03_06_16,1,"(0, 9, 1)",,,,,
03_06_17,1,"(1, 9, 1)",,,,,
03_06_18,1,"(4, 1, 1)",,,,,
03_06_19,1,"(1, 4, 1)",,,,,
03_06_20,1,"(1, 4, 1)",,,,,
03_06_21,1,"(0, 9, 1)",,,,,
03_06_22,1,"(4, 4, 4)",,,,,
03_06_23,1,"(1, 4, 0)",,,,,
03_06_24,1,"(1, 9, 1)",,,,,
03_06_25,1,"(1, 9, 0)",,,,,
03_06_26,1,"(4, 16, 1)",,,,,
03_07_08,1,"(1, 0, 9)",,,,,
03_07_09,2,"(1, 1, 4)","(1, 4, 1)",,,,
03_07_10,1,"(1, 0, 1)",,,,,
03_07_11,1,"(1, 1, 0)",,,,,
03_07_12,1,"(0, 1, 0)",,,,,
03_07_13,1,"(1, 4, 0)",,,,,
03_07_14,1,"(1, 4, 1)",,,,,
03_07_15,1,"(1, 0, 1)",,,,,
03_07_16,1,"(1, 0, 4)",,,,,
03_07_17,1,"(1, 1, 1)",,,,,
03_07_18,2,"(4, 0, 1)","(1, 1, 1)",,,,
03_07_19,1,"(1, 0, 1)",,,,,
03_07_20,1,"(1, 1, 1)",,,,,
03_07_21,1,"(0, 1, 4)",,,,,
03_07_22,1,"(1, 9, 9)",,,,,
03_07_23,1,"(1, 0, 0)",,,,,
03_07_24,1,"(1, 9, 1)",,,,,
03_07_25,1,"(4, 4, 0)",,,,,
03_07_26,1,"(4, 4, 1)",,,,,
03_08_09,1,"(0, 36, 9)",,,,,
03_08_10,1,"(1, 1, 1)",,,,,
03_08_11,1,"(1, 49, 0)",,,,,
03_08_12,1,"(0, 36, 0)",,,,,
03_08_13,1,"(1, 1, 1)",,,,,
03_08_14,1,"(1, 36, 4)",,,,,
03_08_15,1,"(1, 9, 1)",,,,,
03_08_16,1,"(1, 1, 1)",,,,,
03_08_17,1,"(1, 25, 1)",,,,,
03_08_18,1,"(1, 9, 1)",,,,,
03_08_19,1,"(4, 0, 0)",,,,,
03_08_20,1,"(1, 36, 4)",,,,,
03_08_21,1,"(0, 25, 4)",,,,,
03_08_22,1,"(1, 36, 9)",,,,,
03_08_23,1,"(1, 1, 0)",,,,,
03_08_24,1,"(1, 36, 1)",,,,,
03_08_25,1,"(1, 36, 1)",,,,,
03_08_26,1,"(1, 36, 1)",,,,,
03_09_10,1,"(1, 1, 1)",,,,,
03_09_11,1,"(1, 1, 0)",,,,,
03_09_12,1,"(0, 4, 0)",,,,,
03_09_13,1,"(1, 1, 1)",,,,,
03_09_14,1,"(1, 1, 1)",,,,,
03_09_15,1,"(1, 1, 1)",,,,,
03_09_16,1,"(0, 4, 4)",,,,,
03_09_17,1,"(1, 4, 4)",,,,,
03_09_18,2,"(4, 1, 4)","(4, 4, 1)",,,,
03_09_19,1,"(4, 4, 1)",,,,,
03_09_20,1,"(4, 1, 1)",,,,,
03_09_21,1,"(1, 1, 1)",,,,,
03_09_22,1,"(1, 1, 4)",,,,,
03_09_23,1,"(1, 4, 1)",,,,,
03_09_24,1,"(1, 1, 0)",,,,,
03_09_25,1,"(1, 1, 0)",,,,,
03_09_26,1,"(4, 1, 1)",,,,,
03_10_11,2,"(0, 9, 0)","(0, 4, 1)",,,,
03_10_12,1,"(0, 1, 1)",,,,,
03_10_13,1,"(0, 1, 1)",,,,,
03_10_14,1,"(1, 1, 1)",,,,,
03_10_15,3,"(0, 9, 4)","(0, 4, 9)","(0, 1, 16)",,,
03_10_16,1,"(0, 4, 0)",,,,,
03_10_17,1,"(1, 4, 1)",,,,,
03_10_18,1,"(1, 1, 1)",,,,,
03_10_19,1,"(1, 1, 1)",,,,,
03_10_20,1,"(1, 1, 1)",,,,,
03_10_21,1,"(0, 1, 0)",,,,,
03_10_22,1,"(1, 1, 9)",,,,,
03_10_23,1,"(1, 1, 0)",,,,,
03_10_24,1,"(0, 4, 1)",,,,,
03_10_25,2,"(4, 1, 0)","(1, 4, 0)",,,,
03_10_26,2,"(4, 1, 1)","(1, 4, 1)",,,,
03_11_12,1,"(0, 0, 0)",,,,,
03_11_13,1,"(0, 0, 4)",,,,,
03_11_14,1,"(1, 0, 1)",,,,,
03_11_15,1,"(1, 0, 1)",,,,,
03_11_16,1,"(0, 0, 16)",,,,,
03_11_17,1,"(1, 0, 1)",,,,,
03_11_18,1,"(1, 0, 1)",,,,,
03_11_19,1,"(1, 0, 1)",,,,,
03_11_20,1,"(0, 0, 4)",,,,,
03_11_21,1,"(0, 0, 1)",,,,,
03_11_22,1,"(1, 0, 4)",,,,,
03_11_23,1,"(1, 0, 1)",,,,,
03_11_24,1,"(0, 0, 1)",,,,,
03_11_25,1,"(1, 0, 0)",,,,,
03_11_26,1,"(1, 0, 1)",,,,,
03_12_13,1,"(0, 0, 1)",,,,,
03_12_14,1,"(0, 0, 4)",,,,,
03_12_15,1,"(0, 0, 4)",,,,,
03_12_16,1,"(0, 0, 4)",,,,,
03_12_17,1,"(1, 1, 1)",,,,,
03_12_18,1,"(0, 0, 4)",,,,,
03_12_19,1,"(0, 0, 4)",,,,,
03_12_20,1,"(0, 0, 4)",,,,,
03_12_21,1,"(0, 0, 1)",,,,,
03_12_22,1,"(0, 0, 9)",,,,,
03_12_23,1,"(0, 0, 1)",,,,,
03_12_24,1,"(0, 0, 1)",,,,,
03_12_25,1,"(0, 0, 1)",,,,,
03_12_26,1,"(0, 0, 4)",,,,,
03_13_14,1,"(1, 1, 1)",,,,,
03_13_15,1,"(0, 4, 4)",,,,,
03_13_16,1,"(1, 1, 1)",,,,,
03_13_17,1,"(1, 1, 9)",,,,,
03_13_18,1,"(1, 1, 1)",,,,,
03_13_19,1,"(1, 1, 1)",,,,,
03_13_20,2,"(1, 0, 4)","(0, 1, 4)",,,,
03_13_21,1,"(0, 1, 0)",,,,,
03_13_22,2,"(1, 1, 4)","(0, 1, 9)",,,,
03_13_23,2,"(1, 0, 1)","(0, 1, 1)",,,,
03_13_24,1,"(0, 1, 1)",,,,,
03_13_25,1,"(1, 1, 0)",,,,,
03_13_26,1,"(1, 1, 1)",,,,,
03_14_15,1,"(1, 1, 1)",,,,,
03_14_16,1,"(0, 4, 1)",,,,,
03_14_17,1,"(4, 1, 4)",,,,,
03_14_18,1,"(4, 1, 4)",,,,,
03_14_19,2,"(4, 1, 4)","(4, 4, 1)",,,,
03_14_20,1,"(4, 1, 1)",,,,,
03_14_21,1,"(1, 1, 0)",,,,,
03_14_22,1,"(4, 0, 1)",,,,,
03_14_23,3,"(4, 1, 1)","(1, 1, 4)","(1, 4, 1)",,,
03_14_24,1,"(1, 1, 0)",,,,,
03_14_25,1,"(1, 1, 0)",,,,,
03_14_26,1,"(4, 0, 1)",,,,,
03_15_16,1,"(1, 1, 0)",,,,,
03_15_17,1,"(1, 1, 4)",,,,,
03_15_18,1,"(9, 0, 0)",,,,,
03_15_19,1,"(1, 1, 1)",,,,,
03_15_20,1,"(1, 1, 1)",,,,,
03_15_21,1,"(0, 4, 0)",,,,,
03_15_22,1,"(4, 1, 1)",,,,,
03_15_23,1,"(1, 1, 0)",,,,,
03_15_24,1,"(1, 1, 1)",,,,,
03_15_25,2,"(4, 1, 0)","(1, 4, 0)",,,,
03_15_26,1,"(1, 4, 1)",,,,,
03_16_17,1,"(1, 4, 4)",,,,,
03_16_18,1,"(0, 1, 4)",,,,,
03_16_19,1,"(1, 1, 1)",,,,,
03_16_20,1,"(0, 1, 4)",,,,,
03_16_21,1,"(0, 0, 1)",,,,,
03_16_22,1,"(1, 4, 4)",,,,,
03_16_23,1,"(0, 1, 1)",,,,,
03_16_24,1,"(1, 1, 1)",,,,,
03_16_25,1,"(0, 4, 1)",,,,,
03_16_26,1,"(1, 4, 1)",,,,,
03_17_18,1,"(1, 1, 1)",,,,,
03_17_19,1,"(4, 0, 0)",,,,,
03_17_20,1,"(1, 4, 4)",,,,,
03_17_21,1,"(1, 4, 4)",,,,,
03_17_22,1,"(1, 4, 9)",,,,,
03_17_23,1,"(1, 1, 1)",,,,,
03_17_24,1,"(1, 4, 1)",,,,,
03_17_25,1,"(4, 4, 0)",,,,,
03_17_26,1,"(1, 4, 1)",,,,,
03_18_19,1,"(1, 1, 1)",,,,,
03_18_20,1,"(4, 4, 1)",,,,,
03_18_21,1,"(0, 4, 4)",,,,,
03_18_22,2,"(4, 1, 9)","(1, 1, 16)",,,,
03_18_23,1,"(4, 1, 0)",,,,,
03_18_24,1,"(1, 1, 4)",,,,,
03_18_25,1,"(4, 4, 0)",,,,,
03_18_26,2,"(1, 4, 1)","(1, 1, 4)",,,,
03_19_20,1,"(1, 4, 4)",,,,,
03_19_21,1,"(0, 4, 4)",,,,,
03_19_22,1,"(1, 1, 16)",,,,,
03_19_23,1,"(1, 1, 0)",,,,,
03_19_24,1,"(1, 1, 4)",,,,,
03_19_25,1,"(4, 4, 0)",,,,,
03_19_26,2,"(4, 1, 1)","(1, 4, 1)",,,,
03_20_21,1,"(1, 1, 4)",,,,,
03_20_22,1,"(4, 1, 4)",,,,,
03_20_23,1,"(1, 1, 1)",,,,,
03_20_24,1,"(1, 1, 1)",,,,,
03_20_25,1,"(4, 1, 0)",,,,,
03_20_26,1,"(4, 1, 1)",,,,,
03_21_22,1,"(1, 0, 4)",,,,,
03_21_23,1,"(0, 4, 1)",,,,,
03_21_24,1,"(0, 0, 1)",,,,,
03_21_25,1,"(1, 0, 0)",,,,,
03_21_26,1,"(0, 0, 4)",,,,,
03_22_23,2,"(4, 16, 1)","(1, 16, 4)",,,,
03_22_24,1,"(1, 4, 0)",,,,,
03_22_25,1,"(1, 4, 0)",,,,,
03_22_26,1,"(4, 1, 0)",,,,,
03_23_24,1,"(1, 1, 9)",,,,,
03_23_25,3,"(4, 1, 1)","(4, 4, 0)","(1, 4, 1)",,,
03_23_26,2,"(4, 1, 4)","(4, 4, 1)",,,,
03_24_25,1,"(1, 0, 0)",,,,,
03_24_26,1,"(1, 0, 1)",,,,,
03_25_26,1,"(4, 0, 1)",,,,,
04_05_06,1,"(0, 0, 0)",,,,,
04_05_07,1,"(0, 0, 0)",,,,,
04_05_08,1,"(0, 0, 0)",,,,,
04_05_09,1,"(0, 0, 1)",,,,,
04_05_10,1,"(0, 1, 1)",,,,,
04_05_11,1,"(0, 16, 0)",,,,,
04_05_12,1,"(0, 0, 1)",,,,,
04_05_13,1,"(0, 4, 1)",,,,,
04_05_14,1,"(0, 0, 0)",,,,,
04_05_15,1,"(0, 0, 0)",,,,,
04_05_16,1,"(0, 0, 0)",,,,,
04_05_17,1,"(0, 4, 0)",,,,,
04_05_18,1,"(0, 0, 0)",,,,,
04_05_19,1,"(0, 0, 0)",,,,,
04_05_20,1,"(0, 1, 0)",,,,,
04_05_21,1,"(0, 1, 0)",,,,,
04_05_22,1,"(0, 0, 1)",,,,,
04_05_23,1,"(0, 0, 0)",,,,,
04_05_24,1,"(0, 4, 1)",,,,,
04_05_25,1,"(0, 4, 0)",,,,,
04_05_26,2,"(0, 0, 1)","(0, 4, 0)",,,,
04_06_07,1,"(0, 0, 0)",,,,,
04_06_08,3,"(0, 1, 9)","(0, 0, 25)","(0, 4, 1)",,,
04_06_09,1,"(0, 1, 1)",,,,,
04_06_10,1,"(0, 1, 0)",,,,,
04_06_11,1,"(0, 9, 0)",,,,,
04_06_12,1,"(0, 9, 1)",,,,,
04_06_13,2,"(0, 0, 1)","(0, 4, 0)",,,,
04_06_14,1,"(0, 1, 0)",,,,,
04_06_15,1,"(0, 1, 1)",,,,,
04_06_16,1,"(0, 4, 1)",,,,,
04_06_17,1,"(0, 9, 0)",,,,,
04_06_18,2,"(0, 0, 1)","(0, 4, 0)",,,,
04_06_19,1,"(0, 4, 0)",,,,,
04_06_20,1,"(0, 4, 0)",,,,,
04_06_21,1,"(0, 1, 1)",,,,,
04_06_22,1,"(0, 1, 4)",,,,,
04_06_23,1,"(0, 0, 0)",,,,,
04_06_24,2,"(0, 1, 4)","(0, 9, 1)",,,,
04_06_25,1,"(0, 1, 0)",,,,,
04_06_26,1,"(0, 9, 1)",,,,,
04_07_08,1,"(0, 0, 4)",,,,,
04_07_09,1,"(0, 1, 1)",,,,,
04_07_10,1,"(0, 0, 1)",,,,,
04_07_11,1,"(0, 1, 0)",,,,,
04_07_12,2,"(0, 1, 0)","(0, 0, 1)",,,,
04_07_13,1,"(0, 0, 1)",,,,,
04_07_14,2,"(0, 1, 1)","(0, 4, 0)",,,,
04_07_15,1,"(0, 0, 0)",,,,,
04_07_16,1,"(0, 0, 4)",,,,,
04_07_17,1,"(0, 0, 4)",,,,,
04_07_18,1,"(0, 0, 0)",,,,,
04_07_19,1,"(0, 0, 0)",,,,,
04_07_20,1,"(0, 0, 1)",,,,,
04_07_21,1,"(0, 0, 9)",,,,,
04_07_22,1,"(0, 1, 4)",,,,,
04_07_23,1,"(0, 0, 0)",,,,,
04_07_24,2,"(0, 1, 4)","(0, 4, 1)",,,,
04_07_25,1,"(0, 4, 0)",,,,,
04_07_26,2,"(0, 1, 1)","(0, 4, 0)",,,,
04_08_09,1,"(0, 100, 1)",,,,,
04_08_10,1,"(0, 4, 0)",,,,,
04_08_11,1,"(0, 49, 0)",,,,,
04_08_12,1,"(0, 36, 0)",,,,,
04_08_13,1,"(0, 0, 1)",,,,,
04_08_14,2,"(0, 100, 0)","(0, 49, 1)",,,,
04_08_15,1,"(0, 0, 1)",,,,,
04_08_16,1,"(0, 1, 1)",,,,,
04_08_17,1,"(0, 25, 0)",,,,,
04_08_18,1,"(0, 4, 0)",,,,,
04_08_19,1,"(0, 0, 0)",,,,,
04_08_20,1,"(0, 100, 1)",,,,,
04_08_21,1,"(0, 16, 4)",,,,,
04_08_22,1,"(0, 49, 1)",,,,,
04_08_23,1,"(0, 0, 0)",,,,,
04_08_24,1,"(0, 25, 1)",,,,,
04_08_25,1,"(0, 49, 0)",,,,,
04_08_26,1,"(0, 25, 0)",,,,,
04_09_10,1,"(0, 1, 1)",,,,,
04_09_11,1,"(0, 0, 0)",,,,,
04_09_12,1,"(0, 1, 1)",,,,,
04_09_13,1,"(0, 0, 1)",,,,,
04_09_14,1,"(0, 0, 0)",,,,,
04_09_15,2,"(0, 1, 1)","(0, 4, 0)",,,,
04_09_16,1,"(0, 1, 9)",,,,,
04_09_17,2,"(0, 1, 1)","(0, 0, 4)",,,,
04_09_18,1,"(0, 1, 1)",,,,,
04_09_19,2,"(0, 1, 1)","(0, 4, 0)",,,,
04_09_20,2,"(0, 0, 1)","(0, 1, 0)",,,,
04_09_21,1,"(0, 0, 1)",,,,,
04_09_22,1,"(0, 0, 0)",,,,,
04_09_23,2,"(0, 4, 0)","(0, 1, 1)",,,,
04_09_24,1,"(0, 1, 0)",,,,,
04_09_25,1,"(0, 0, 0)",,,,,
04_09_26,1,"(0, 0, 0)",,,,,
04_10_11,1,"(0, 4, 0)",,,,,
04_10_12,1,"(0, 1, 1)",,,,,
04_10_13,1,"(0, 0, 1)",,,,,
04_10_14,1,"(0, 1, 0)",,,,,
04_10_15,6,"(0, 4, 9)","(0, 16, 1)","(0, 9, 4)","(0, 25, 0)","(0, 1, 16)","(0, 0, 25)"
04_10_16,1,"(0, 1, 1)",,,,,
04_10_17,1,"(0, 4, 0)",,,,,
04_10_18,1,"(0, 1, 0)",,,,,
04_10_19,1,"(0, 1, 0)",,,,,
04_10_20,1,"(0, 1, 0)",,,,,
04_10_21,1,"(0, 0, 1)",,,,,
04_10_22,1,"(0, 1, 1)",,,,,
04_10_23,1,"(0, 0, 0)",,,,,
04_10_24,1,"(0, 1, 1)",,,,,
04_10_25,1,"(0, 1, 0)",,,,,
04_10_26,2,"(0, 4, 0)","(0, 1, 1)",,,,
04_11_12,1,"(0, 0, 0)",,,,,
04_11_13,2,"(0, 1, 1)","(0, 0, 4)",,,,
04_11_14,1,"(0, 0, 0)",,,,,
04_11_15,1,"(0, 0, 0)",,,,,
04_11_16,1,"(0, 0, 9)",,,,,
04_11_17,1,"(0, 0, 0)",,,,,
04_11_18,1,"(0, 0, 0)",,,,,
04_11_19,1,"(0, 0, 0)",,,,,
04_11_20,1,"(0, 0, 1)",,,,,
04_11_21,1,"(0, 0, 1)",,,,,
04_11_22,1,"(0, 0, 0)",,,,,
04_11_23,1,"(0, 0, 1)",,,,,
04_11_24,1,"(0, 0, 0)",,,,,
04_11_25,1,"(0, 0, 0)",,,,,
04_11_26,1,"(0, 0, 0)",,,,,
04_12_13,1,"(0, 0, 1)",,,,,
04_12_14,2,"(0, 1, 1)","(0, 4, 0)",,,,
04_12_15,2,"(0, 1, 1)","(0, 4, 0)",,,,
04_12_16,2,"(0, 1, 0)","(0, 0, 4)",,,,
04_12_17,1,"(0, 1, 1)",,,,,
04_12_18,1,"(0, 1, 1)",,,,,
04_12_19,2,"(0, 1, 1)","(0, 4, 0)",,,,
04_12_20,1,"(0, 1, 1)",,,,,
04_12_21,1,"(0, 0, 1)",,,,,
04_12_22,1,"(0, 1, 4)",,,,,
04_12_23,1,"(0, 1, 0)",,,,,
04_12_24,1,"(0, 0, 1)",,,,,
04_12_25,1,"(0, 1, 0)",,,,,
04_12_26,1,"(0, 1, 1)",,,,,
04_13_14,1,"(0, 0, 1)",,,,,
04_13_15,2,"(0, 1, 9)","(0, 4, 4)",,,,
04_13_16,1,"(0, 1, 1)",,,,,
04_13_17,1,"(0, 4, 0)",,,,,
04_13_18,1,"(0, 1, 0)",,,,,
04_13_19,1,"(0, 1, 0)",,,,,
04_13_20,1,"(0, 1, 1)",,,,,
04_13_21,1,"(0, 0, 1)",,,,,
04_13_22,1,"(0, 1, 0)",,,,,
04_13_23,2,"(0, 1, 0)","(0, 0, 1)",,,,
04_13_24,2,"(0, 1, 1)","(0, 0, 4)",,,,
04_13_25,1,"(0, 1, 0)",,,,,
04_13_26,1,"(0, 1, 0)",,,,,
04_14_15,1,"(0, 1, 1)",,,,,
04_14_16,1,"(0, 0, 9)",,,,,
04_14_17,1,"(0, 0, 4)",,,,,
04_14_18,2,"(0, 0, 4)","(0, 1, 1)",,,,
04_14_19,1,"(0, 1, 1)",,,,,
04_14_20,2,"(0, 0, 1)","(0, 1, 0)",,,,
04_14_21,1,"(0, 0, 0)",,,,,
04_14_22,1,"(0, 0, 0)",,,,,
04_14_23,1,"(0, 1, 1)",,,,,
04_14_24,2,"(0, 1, 0)","(0, 0, 1)",,,,
04_14_25,1,"(0, 0, 0)",,,,,
04_14_26,1,"(0, 0, 0)",,,,,
04_15_16,1,"(0, 1, 0)",,,,,
04_15_17,1,"(0, 0, 1)",,,,,
04_15_18,1,"(0, 0, 0)",,,,,
04_15_19,1,"(0, 0, 0)",,,,,
04_15_20,1,"(0, 0, 1)",,,,,
04_15_21,1,"(0, 0, 4)",,,,,
04_15_22,1,"(0, 0, 1)",,,,,
04_15_23,1,"(0, 0, 0)",,,,,
04_15_24,1,"(0, 1, 1)",,,,,
04_15_25,1,"(0, 0, 0)",,,,,
04_15_26,2,"(0, 1, 0)","(0, 0, 1)",,,,
04_16_17,2,"(0, 9, 1)","(0, 4, 4)",,,,
04_16_18,1,"(0, 9, 0)",,,,,
04_16_19,1,"(0, 4, 0)",,,,,
04_16_20,1,"(0, 9, 1)",,,,,
04_16_21,1,"(0, 0, 1)",,,,,
04_16_22,2,"(0, 9, 1)","(0, 4, 4)",,,,
04_16_23,1,"(0, 1, 0)",,,,,
04_16_24,1,"(0, 1, 1)",,,,,
04_16_25,1,"(0, 4, 0)",,,,,
04_16_26,1,"(0, 9, 0)",,,,,
04_17_18,1,"(0, 0, 0)",,,,,
04_17_19,1,"(0, 0, 0)",,,,,
04_17_20,1,"(0, 4, 1)",,,,,
04_17_21,1,"(0, 1, 9)",,,,,
04_17_22,2,"(0, 4, 0)","(0, 1, 1)",,,,
04_17_23,1,"(0, 0, 1)",,,,,
04_17_24,1,"(0, 1, 1)",,,,,
04_17_25,1,"(0, 1, 0)",,,,,
04_17_26,1,"(0, 1, 0)",,,,,
04_18_19,1,"(0, 0, 0)",,,,,
04_18_20,1,"(0, 1, 1)",,,,,
04_18_21,1,"(0, 0, 16)",,,,,
04_18_22,2,"(0, 1, 1)","(0, 0, 4)",,,,
04_18_23,1,"(0, 0, 0)",,,,,
04_18_24,1,"(0, 1, 1)",,,,,
04_18_25,1,"(0, 1, 0)",,,,,
04_18_26,2,"(0, 1, 0)","(0, 0, 1)",,,,
04_19_20,1,"(0, 4, 1)",,,,,
04_19_21,1,"(0, 0, 16)",,,,,
04_19_22,1,"(0, 0, 4)",,,,,
04_19_23,1,"(0, 0, 0)",,,,,
04_19_24,2,"(0, 0, 4)","(0, 1, 1)",,,,
04_19_25,1,"(0, 1, 0)",,,,,
04_19_26,2,"(0, 1, 0)","(0, 0, 1)",,,,
04_20_21,2,"(0, 1, 4)","(0, 0, 16)",,,,
04_20_22,1,"(0, 1, 0)",,,,,
04_20_23,1,"(0, 0, 1)",,,,,
04_20_24,1,"(0, 1, 1)",,,,,
04_20_25,2,"(0, 1, 0)","(0, 0, 1)",,,,
04_20_26,1,"(0, 1, 0)",,,,,
04_21_22,1,"(0, 1, 0)",,,,,
04_21_23,1,"(0, 9, 0)",,,,,
04_21_24,1,"(0, 1, 0)",,,,,
04_21_25,1,"(0, 0, 0)",,,,,
04_21_26,1,"(0, 1, 0)",,,,,
04_22_23,2,"(0, 4, 1)","(0, 9, 0)",,,,
04_22_24,2,"(0, 4, 0)","(0, 1, 1)",,,,
04_22_25,1,"(0, 0, 0)",,,,,
04_22_26,1,"(0, 0, 0)",,,,,
04_23_24,1,"(0, 1, 4)",,,,,
04_23_25,2,"(0, 1, 1)","(0, 4, 0)",,,,
04_23_26,1,"(0, 1, 1)",,,,,
04_24_25,1,"(0, 0, 0)",,,,,
04_24_26,1,"(0, 0, 1)",,,,,
04_25_26,1,"(0, 0, 0)",,,,,
05_06_07,1,"(0, 0, 0)",,,,,
05_06_08,1,"(0, 0, 25)",,,,,
05_06_09,1,"(0, 1, 1)",,,,,
05_06_10,1,"(4, 0, 1)",,,,,
05_06_11,1,"(4, 1, 1)",,,,,
05_06_12,1,"(0, 9, 1)",,,,,
05_06_13,1,"(4, 0, 1)",,,,,
05_06_14,1,"(0, 1, 0)",,,,,
05_06_15,1,"(0, 1, 1)",,,,,
05_06_16,1,"(0, 1, 4)",,,,,
05_06_17,1,"(0, 0, 9)",,,,,
05_06_18,1,"(0, 0, 1)",,,,,
05_06_19,1,"(0, 0, 1)",,,,,
05_06_20,1,"(0, 0, 1)",,,,,
05_06_21,1,"(0, 1, 1)",,,,,
05_06_22,1,"(0, 4, 4)",,,,,
05_06_23,1,"(0, 0, 0)",,,,,
05_06_24,1,"(0, 1, 4)",,,,,
05_06_25,1,"(0, 0, 1)",,,,,
05_06_26,1,"(0, 16, 1)",,,,,
05_07_08,1,"(0, 0, 25)",,,,,
05_07_09,1,"(4, 1, 1)",,,,,
05_07_10,1,"(4, 1, 1)",,,,,
05_07_11,1,"(4, 0, 1)",,,,,
05_07_12,1,"(4, 0, 1)",,,,,
05_07_13,1,"(4, 1, 1)",,,,,
05_07_14,1,"(0, 1, 1)",,,,,
05_07_15,1,"(4, 0, 0)",,,,,
05_07_16,1,"(0, 1, 1)",,,,,
05_07_17,1,"(1, 0, 4)",,,,,
05_07_18,1,"(1, 0, 0)",,,,,
05_07_19,1,"(1, 0, 0)",,,,,
05_07_20,1,"(0, 0, 1)",,,,,
05_07_21,1,"(0, 0, 9)",,,,,
05_07_22,1,"(1, 1, 4)",,,,,
05_07_23,1,"(0, 0, 0)",,,,,
05_07_24,1,"(0, 0, 9)",,,,,
05_07_25,1,"(1, 1, 1)",,,,,
05_07_26,1,"(1, 1, 1)",,,,,
05_08_09,1,"(0, 100, 1)",,,,,
05_08_10,1,"(4, 1, 1)",,,,,
05_08_11,1,"(4, 25, 1)",,,,,
05_08_12,1,"(0, 1, 4)",,,,,
05_08_13,1,"(4, 1, 1)",,,,,
05_08_14,1,"(0, 49, 1)",,,,,
05_08_15,1,"(0, 0, 1)",,,,,
05_08_16,2,"(0, 0, 4)","(0, 1, 1)",,,,
05_08_17,1,"(4, 4, 4)",,,,,
05_08_18,1,"(0, 4, 0)",,,,,
05_08_19,1,"(0, 0, 0)",,,,,
05_08_20,1,"(0, 100, 1)",,,,,
05_08_21,1,"(0, 1, 9)",,,,,
05_08_22,2,"(0, 36, 4)","(0, 64, 1)",,,,
05_08_23,1,"(0, 0, 0)",,,,,
05_08_24,1,"(1, 25, 4)",,,,,
05_08_25,1,"(0, 25, 1)",,,,,
05_08_26,1,"(1, 9, 1)",,,,,
05_09_10,1,"(4, 1, 1)",,,,,
05_09_11,1,"(4, 0, 1)",,,,,
05_09_12,1,"(4, 1, 1)",,,,,
05_09_13,1,"(0, 1, 4)",,,,,
05_09_14,1,"(4, 0, 0)",,,,,
05_09_15,1,"(0, 4, 1)",,,,,
05_09_16,1,"(0, 1, 9)",,,,,
05_09_17,1,"(16, 1, 1)",,,,,
05_09_18,2,"(0, 1, 4)","(0, 4, 1)",,,,
05_09_19,1,"(0, 4, 1)",,,,,
05_09_20,1,"(0, 1, 1)",,,,,
05_09_21,1,"(1, 1, 0)",,,,,
05_09_22,1,"(1, 1, 1)",,,,,
05_09_23,1,"(1, 4, 0)",,,,,
05_09_24,1,"(9, 0, 1)",,,,,
05_09_25,1,"(9, 0, 0)",,,,,
05_09_26,1,"(1, 1, 1)",,,,,
05_10_11,1,"(0, 4, 4)",,,,,
05_10_12,1,"(1, 1, 4)",,,,,
05_10_13,1,"(4, 1, 1)",,,,,
05_10_14,1,"(4, 1, 0)",,,,,
05_10_15,1,"(0, 25, 0)",,,,,
05_10_16,1,"(1, 1, 4)",,,,,
05_10_17,1,"(16, 1, 4)",,,,,
05_10_18,1,"(4, 1, 0)",,,,,
05_10_19,1,"(4, 1, 0)",,,,,
05_10_20,1,"(1, 4, 0)",,,,,
05_10_21,1,"(1, 1, 4)",,,,,
05_10_22,1,"(4, 1, 4)",,,,,
05_10_23,1,"(4, 1, 0)",,,,,
05_10_24,1,"(4, 1, 4)",,,,,
05_10_25,2,"(16, 1, 0)","(4, 4, 0)",,,,
05_10_26,1,"(9, 1, 1)",,,,,
05_11_12,1,"(9, 1, 0)",,,,,
05_11_13,1,"(0, 4, 4)",,,,,
05_11_14,1,"(4, 1, 0)",,,,,
05_11_15,2,"(16, 0, 0)","(4, 1, 0)",,,,
05_11_16,2,"(0, 4, 4)","(1, 4, 1)",,,,
05_11_17,1,"(16, 0, 0)",,,,,
05_11_18,1,"(4, 1, 0)",,,,,
05_11_19,1,"(16, 0, 0)",,,,,
05_11_20,1,"(4, 1, 1)",,,,,
05_11_21,1,"(9, 1, 0)",,,,,
05_11_22,1,"(16, 0, 0)",,,,,
05_11_23,1,"(4, 1, 0)",,,,,
05_11_24,1,"(16, 0, 1)",,,,,
05_11_25,1,"(16, 0, 0)",,,,,
05_11_26,1,"(16, 0, 0)",,,,,
05_12_13,1,"(1, 1, 4)",,,,,
05_12_14,1,"(4, 4, 0)",,,,,
05_12_15,3,"(0, 4, 1)","(4, 4, 0)","(4, 1, 1)",,,
05_12_16,1,"(0, 1, 1)",,,,,
05_12_17,1,"(4, 4, 1)",,,,,
05_12_18,1,"(1, 4, 1)",,,,,
05_12_19,1,"(0, 4, 1)",,,,,
05_12_20,1,"(1, 1, 1)",,,,,
05_12_21,1,"(1, 1, 0)",,,,,
05_12_22,1,"(1, 4, 9)",,,,,
05_12_23,1,"(0, 4, 0)",,,,,
05_12_24,1,"(9, 0, 4)",,,,,
05_12_25,1,"(9, 1, 0)",,,,,
05_12_26,1,"(9, 4, 1)",,,,,
05_13_14,1,"(0, 4, 0)",,,,,
05_13_15,2,"(0, 4, 9)","(0, 16, 0)",,,,
05_13_16,1,"(4, 1, 1)",,,,,
05_13_17,1,"(4, 4, 4)",,,,,
05_13_18,1,"(4, 1, 0)",,,,,
05_13_19,1,"(4, 1, 0)",,,,,
05_13_20,1,"(4, 1, 1)",,,,,
05_13_21,1,"(4, 1, 1)",,,,,
05_13_22,1,"(4, 1, 4)",,,,,
05_13_23,1,"(4, 1, 0)",,,,,
05_13_24,1,"(4, 4, 1)",,,,,
05_13_25,1,"(16, 1, 0)",,,,,
05_13_26,1,"(9, 4, 0)",,,,,
05_14_15,1,"(0, 1, 1)",,,,,
05_14_16,1,"(0, 0, 9)",,,,,
05_14_17,1,"(9, 1, 1)",,,,,
05_14_18,2,"(0, 0, 4)","(0, 1, 1)",,,,
05_14_19,1,"(0, 1, 1)",,,,,
05_14_20,1,"(0, 0, 1)",,,,,
05_14_21,1,"(1, 0, 0)",,,,,
05_14_22,1,"(1, 0, 1)",,,,,
05_14_23,1,"(0, 1, 1)",,,,,
05_14_24,1,"(0, 0, 4)",,,,,
05_14_25,1,"(4, 0, 0)",,,,,
05_14_26,1,"(1, 0, 1)",,,,,
05_15_16,1,"(0, 0, 4)",,,,,
05_15_17,1,"(4, 0, 4)",,,,,
05_15_18,1,"(0, 0, 1)",,,,,
05_15_19,1,"(0, 0, 1)",,,,,
05_15_20,1,"(0, 0, 1)",,,,,
05_15_21,1,"(0, 0, 4)",,,,,
05_15_22,1,"(0, 0, 4)",,,,,
05_15_23,1,"(0, 1, 0)",,,,,
05_15_24,1,"(4, 0, 4)",,,,,
05_15_25,1,"(0, 0, 1)",,,,,
05_15_26,1,"(0, 1, 1)",,,,,
05_16_17,1,"(4, 9, 1)",,,,,
05_16_18,1,"(0, 9, 0)",,,,,
05_16_19,1,"(0, 4, 0)",,,,,
05_16_20,1,"(0, 9, 1)",,,,,
05_16_21,1,"(0, 0, 1)",,,,,
05_16_22,1,"(0, 9, 1)",,,,,
05_16_23,1,"(0, 1, 0)",,,,,
05_16_24,1,"(0, 1, 4)",,,,,
05_16_25,1,"(0, 1, 1)",,,,,
05_16_26,1,"(1, 4, 1)",,,,,
05_17_18,1,"(4, 0, 0)",,,,,
05_17_19,1,"(4, 0, 0)",,,,,
05_17_20,1,"(1, 16, 1)",,,,,
05_17_21,2,"(4, 4, 4)","(4, 1, 9)",,,,
05_17_22,1,"(4, 0, 4)",,,,,
05_17_23,1,"(1, 4, 0)",,,,,
05_17_24,1,"(9, 4, 1)",,,,,
05_17_25,1,"(9, 1, 0)",,,,,
05_17_26,1,"(4, 0, 1)",,,,,
05_18_19,1,"(0, 0, 0)",,,,,
05_18_20,1,"(0, 1, 1)",,,,,
05_18_21,1,"(0, 0, 16)",,,,,
05_18_22,1,"(0, 1, 4)",,,,,
05_18_23,1,"(0, 0, 0)",,,,,
05_18_24,1,"(0, 0, 9)",,,,,
05_18_25,1,"(0, 1, 1)",,,,,
05_18_26,1,"(4, 0, 1)",,,,,
05_19_20,1,"(0, 4, 1)",,,,,
05_19_21,1,"(0, 0, 16)",,,,,
05_19_22,1,"(0, 0, 9)",,,,,
05_19_23,1,"(0, 0, 0)",,,,,
05_19_24,1,"(0, 0, 9)",,,,,
05_19_25,1,"(4, 0, 1)",,,,,
05_19_26,1,"(4, 0, 1)",,,,,
05_20_21,1,"(0, 1, 4)",,,,,
05_20_22,1,"(0, 1, 1)",,,,,
05_20_23,1,"(0, 1, 0)",,,,,
05_20_24,1,"(0, 1, 4)",,,,,
05_20_25,1,"(1, 0, 1)",,,,,
05_20_26,1,"(0, 1, 1)",,,,,
05_21_22,1,"(1, 1, 1)",,,,,
05_21_23,1,"(0, 9, 0)",,,,,
05_21_24,1,"(4, 1, 1)",,,,,
05_21_25,1,"(4, 1, 0)",,,,,
05_21_26,1,"(1, 1, 1)",,,,,
05_22_23,2,"(0, 4, 1)","(0, 9, 0)",,,,
05_22_24,1,"(9, 4, 1)",,,,,
05_22_25,1,"(4, 1, 0)",,,,,
05_22_26,1,"(4, 1, 0)",,,,,
05_23_24,1,"(0, 0, 9)",,,,,
05_23_25,1,"(0, 1, 1)",,,,,
05_23_26,1,"(0, 0, 4)",,,,,
05_24_25,1,"(4, 1, 0)",,,,,
05_24_26,1,"(9, 1, 1)",,,,,
05_25_26,1,"(9, 0, 0)",,,,,
06_07_08,1,"(1, 0, 25)",,,,,
06_07_09,1,"(4, 1, 1)",,,,,
06_07_10,1,"(0, 0, 1)",,,,,
06_07_11,1,"(4, 0, 1)",,,,,
06_07_12,1,"(4, 0, 4)",,,,,
06_07_13,1,"(0, 0, 1)",,,,,
06_07_14,1,"(0, 1, 1)",,,,,
06_07_15,1,"(1, 0, 1)",,,,,
06_07_16,1,"(4, 0, 4)",,,,,
06_07_17,1,"(0, 0, 9)",,,,,
06_07_18,1,"(0, 0, 1)",,,,,
06_07_19,2,"(0, 0, 1)","(4, 0, 0)",,,,
06_07_20,1,"(0, 0, 1)",,,,,
06_07_21,1,"(0, 0, 9)",,,,,
06_07_22,1,"(4, 1, 4)",,,,,
06_07_23,1,"(0, 0, 0)",,,,,
06_07_24,1,"(0, 0, 9)",,,,,
06_07_25,1,"(0, 1, 1)",,,,,
06_07_26,1,"(4, 0, 4)",,,,,
06_08_09,1,"(0, 64, 4)",,,,,
06_08_10,1,"(9, 4, 0)",,,,,
06_08_11,1,"(9, 25, 1)",,,,,
06_08_12,1,"(4, 1, 4)",,,,,
06_08_13,1,"(1, 9, 1)",,,,,
06_08_14,1,"(0, 64, 1)",,,,,
06_08_15,1,"(1, 9, 1)",,,,,
06_08_16,1,"(4, 1, 1)",,,,,
06_08_17,1,"(9, 25, 1)",,,,,
06_08_18,1,"(0, 25, 1)",,,,,
06_08_19,1,"(9, 4, 0)",,,,,
06_08_20,1,"(0, 144, 1)",,,,,
06_08_21,1,"(1, 36, 4)",,,,,
06_08_22,1,"(4, 49, 4)",,,,,
06_08_23,1,"(1, 9, 0)",,,,,
06_08_24,1,"(4, 25, 4)",,,,,
06_08_25,1,"(4, 64, 0)",,,,,
06_08_26,1,"(16, 25, 1)",,,,,
06_09_10,1,"(1, 1, 1)",,,,,
06_09_11,1,"(9, 1, 0)",,,,,
06_09_12,1,"(9, 0, 4)",,,,,
06_09_13,1,"(4, 1, 1)",,,,,
06_09_14,1,"(9, 0, 0)",,,,,
06_09_15,1,"(4, 1, 1)",,,,,
06_09_16,1,"(1, 1, 9)",,,,,
06_09_17,1,"(9, 1, 4)",,,,,
06_09_18,1,"(4, 1, 4)",,,,,
06_09_19,1,"(4, 4, 1)",,,,,
06_09_20,1,"(4, 1, 1)",,,,,
06_09_21,1,"(1, 1, 1)",,,,,
06_09_22,1,"(4, 1, 4)",,,,,
06_09_23,2,"(0, 4, 1)","(4, 1, 1)",,,,
06_09_24,1,"(1, 1, 4)",,,,,
06_09_25,1,"(4, 1, 0)",,,,,
06_09_26,1,"(16, 1, 1)",,,,,
06_10_11,1,"(9, 1, 1)",,,,,
06_10_12,1,"(9, 1, 1)",,,,,
06_10_13,1,"(1, 0, 1)",,,,,
06_10_14,1,"(1, 1, 0)",,,,,
06_10_15,1,"(1, 0, 25)",,,,,
06_10_16,1,"(4, 1, 1)",,,,,
06_10_17,1,"(0, 1, 9)",,,,,
06_10_18,1,"(0, 1, 1)",,,,,
06_10_19,1,"(4, 1, 0)",,,,,
06_10_20,1,"(0, 1, 1)",,,,,
06_10_21,1,"(1, 0, 4)",,,,,
06_10_22,1,"(4, 1, 4)",,,,,
06_10_23,1,"(0, 1, 0)",,,,,
06_10_24,1,"(1, 1, 4)",,,,,
06_10_25,1,"(1, 0, 1)",,,,,
06_10_26,1,"(16, 1, 1)",,,,,
06_11_12,1,"(36, 0, 0)",,,,,
06_11_13,1,"(9, 1, 1)",,,,,
06_11_14,1,"(9, 0, 1)",,,,,
06_11_15,1,"(9, 1, 0)",,,,,
06_11_16,1,"(9, 1, 9)",,,,,
06_11_17,1,"(16, 0, 1)",,,,,
06_11_18,1,"(9, 1, 0)",,,,,
06_11_19,1,"(25, 0, 0)",,,,,
06_11_20,1,"(1, 1, 1)",,,,,
06_11_21,1,"(1, 1, 4)",,,,,
06_11_22,1,"(9, 0, 4)",,,,,
06_11_23,1,"(4, 1, 0)",,,,,
06_11_24,1,"(16, 0, 1)",,,,,
06_11_25,1,"(9, 0, 0)",,,,,
06_11_26,2,"(25, 0, 1)","(9, 0, 4)",,,,
06_12_13,1,"(4, 4, 0)",,,,,
06_12_14,1,"(9, 4, 0)",,,,,
06_12_15,1,"(9, 4, 0)",,,,,
06_12_16,1,"(9, 1, 1)",,,,,
06_12_17,1,"(9, 4, 1)",,,,,
06_12_18,1,"(1, 9, 1)",,,,,
06_12_19,1,"(4, 4, 1)",,,,,
06_12_20,1,"(4, 4, 1)",,,,,
06_12_21,1,"(9, 1, 1)",,,,,
06_12_22,1,"(4, 9, 4)",,,,,
06_12_23,1,"(4, 4, 0)",,,,,
06_12_24,1,"(9, 4, 1)",,,,,
06_12_25,1,"(9, 4, 0)",,,,,
06_12_26,1,"(16, 9, 1)",,,,,
06_13_14,1,"(0, 1, 1)",,,,,
06_13_15,1,"(1, 9, 1)",,,,,
06_13_16,1,"(1, 1, 4)",,,,,
06_13_17,1,"(0, 1, 9)",,,,,
06_13_18,1,"(0, 1, 1)",,,,,
06_13_19,1,"(0, 1, 1)",,,,,
06_13_20,1,"(0, 1, 1)",,,,,
06_13_21,1,"(9, 0, 1)",,,,,
06_13_22,1,"(4, 1, 4)",,,,,
06_13_23,1,"(0, 1, 0)",,,,,
06_13_24,1,"(9, 0, 4)",,,,,
06_13_25,1,"(4, 1, 0)",,,,,
06_13_26,1,"(9, 0, 4)",,,,,
06_14_15,1,"(4, 1, 1)",,,,,
06_14_16,1,"(1, 0, 9)",,,,,
06_14_17,1,"(1, 1, 4)",,,,,
06_14_18,1,"(4, 1, 1)",,,,,
06_14_19,1,"(4, 1, 1)",,,,,
06_14_20,1,"(4, 1, 0)",,,,,
06_14_21,1,"(1, 0, 1)",,,,,
06_14_22,1,"(4, 0, 4)",,,,,
06_14_23,1,"(0, 1, 1)",,,,,
06_14_24,1,"(1, 0, 4)",,,,,
06_14_25,1,"(4, 0, 0)",,,,,
06_14_26,1,"(16, 0, 1)",,,,,
06_15_16,1,"(4, 1, 1)",,,,,
06_15_17,2,"(16, 1, 0)","(4, 1, 4)",,,,
06_15_18,1,"(1, 1, 1)",,,,,
06_15_19,1,"(1, 1, 1)",,,,,
06_15_20,1,"(1, 1, 1)",,,,,
06_15_21,1,"(1, 1, 4)",,,,,
06_15_22,1,"(4, 1, 4)",,,,,
06_15_23,1,"(1, 1, 0)",,,,,
06_15_24,2,"(4, 1, 4)","(16, 1, 1)",,,,
06_15_25,1,"(4, 1, 0)",,,,,
06_15_26,1,"(16, 1, 1)",,,,,
06_16_17,1,"(9, 9, 1)",,,,,
06_16_18,1,"(1, 4, 1)",,,,,
06_16_19,1,"(1, 4, 1)",,,,,
06_16_20,1,"(0, 16, 1)",,,,,
06_16_21,1,"(4, 4, 1)",,,,,
06_16_22,1,"(4, 4, 4)",,,,,
06_16_23,1,"(4, 1, 0)",,,,,
06_16_24,1,"(9, 1, 4)",,,,,
06_16_25,1,"(4, 9, 0)",,,,,
06_16_26,1,"(16, 4, 1)",,,,,
06_17_18,1,"(9, 0, 0)",,,,,
06_17_19,1,"(9, 0, 0)",,,,,
06_17_20,1,"(9, 4, 1)",,,,,
06_17_21,1,"(1, 4, 4)",,,,,
06_17_22,1,"(9, 1, 1)",,,,,
06_17_23,1,"(0, 9, 0)",,,,,
06_17_24,1,"(4, 1, 4)",,,,,
06_17_25,1,"(1, 4, 0)",,,,,
06_17_26,1,"(9, 0, 1)",,,,,
06_18_19,1,"(4, 0, 0)",,,,,
06_18_20,2,"(0, 4, 1)","(4, 1, 1)",,,,
06_18_21,1,"(0, 1, 9)",,,,,
06_18_22,1,"(9, 1, 1)",,,,,
06_18_23,1,"(0, 1, 0)",,,,,
06_18_24,1,"(4, 1, 4)",,,,,
06_18_25,1,"(9, 1, 0)",,,,,
06_18_26,1,"(9, 0, 1)",,,,,
06_19_20,1,"(4, 4, 1)",,,,,
06_19_21,1,"(0, 1, 9)",,,,,
06_19_22,1,"(9, 0, 4)",,,,,
06_19_23,1,"(4, 0, 0)",,,,,
06_19_24,1,"(4, 1, 4)",,,,,
06_19_25,1,"(9, 1, 0)",,,,,
06_19_26,1,"(9, 0, 1)",,,,,
06_20_21,1,"(0, 1, 4)",,,,,
06_20_22,1,"(4, 0, 4)",,,,,
06_20_23,1,"(0, 1, 0)",,,,,
06_20_24,1,"(4, 1, 4)",,,,,
06_20_25,1,"(1, 1, 0)",,,,,
06_20_26,1,"(4, 0, 4)",,,,,
06_21_22,1,"(9, 1, 1)",,,,,
06_21_23,1,"(0, 9, 0)",,,,,
06_21_24,1,"(9, 1, 1)",,,,,
06_21_25,1,"(4, 1, 0)",,,,,
06_21_26,1,"(9, 1, 1)",,,,,
06_22_23,1,"(4, 4, 1)",,,,,
06_22_24,1,"(4, 4, 4)",,,,,
06_22_25,1,"(1, 4, 0)",,,,,
06_22_26,1,"(25, 0, 0)",,,,,
06_23_24,1,"(0, 0, 9)",,,,,
06_23_25,1,"(0, 1, 1)",,,,,
06_23_26,1,"(4, 0, 4)",,,,,
06_24_25,1,"(9, 1, 0)",,,,,
06_24_26,2,"(16, 4, 1)","(4, 4, 4)",,,,
06_25_26,1,"(9, 0, 1)",,,,,
07_08_09,1,"(0, 100, 4)",,,,,
07_08_10,1,"(0, 4, 1)",,,,,
07_08_11,1,"(0, 25, 1)",,,,,
07_08_12,1,"(0, 25, 1)",,,,,
07_08_13,1,"(1, 0, 1)",,,,,
07_08_14,1,"(0, 49, 4)",,,,,
07_08_15,1,"(0, 4, 1)",,,,,
07_08_16,1,"(0, 9, 4)",,,,,
07_08_17,1,"(0, 4, 4)",,,,,
07_08_18,1,"(0, 25, 0)",,,,,
07_08_19,1,"(0, 4, 0)",,,,,
07_08_20,1,"(0, 49, 4)",,,,,
07_08_21,1,"(0, 9, 9)",,,,,
07_08_22,1,"(1, 49, 4)",,,,,
07_08_23,1,"(0, 4, 0)",,,,,
07_08_24,1,"(1, 25, 4)",,,,,
07_08_25,1,"(0, 25, 4)",,,,,
07_08_26,1,"(1, 25, 1)",,,,,
07_09_10,1,"(1, 4, 1)",,,,,
07_09_11,1,"(1, 4, 0)",,,,,
07_09_12,1,"(4, 1, 1)",,,,,
07_09_13,2,"(1, 4, 1)","(4, 1, 1)",,,,
07_09_14,1,"(4, 0, 0)",,,,,
07_09_15,1,"(1, 1, 1)",,,,,
07_09_16,1,"(1, 4, 16)",,,,,
07_09_17,1,"(0, 4, 4)",,,,,
07_09_18,1,"(0, 4, 0)",,,,,
07_09_19,1,"(0, 4, 0)",,,,,
07_09_20,1,"(1, 1, 1)",,,,,
07_09_21,1,"(4, 0, 4)",,,,,
07_09_22,1,"(1, 1, 4)",,,,,
07_09_23,1,"(0, 4, 0)",,,,,
07_09_24,1,"(9, 0, 1)",,,,,
07_09_25,1,"(4, 1, 0)",,,,,
07_09_26,2,"(4, 1, 1)","(1, 4, 1)",,,,
07_10_11,1,"(0, 1, 1)",,,,,
07_10_12,1,"(1, 1, 1)",,,,,
07_10_13,1,"(1, 0, 1)",,,,,
07_10_14,1,"(1, 1, 1)",,,,,
07_10_15,2,"(0, 1, 16)","(0, 25, 0)",,,,
07_10_16,1,"(1, 1, 1)",,,,,
07_10_17,1,"(0, 1, 4)",,,,,
07_10_18,1,"(0, 1, 1)",,,,,
07_10_19,1,"(0, 1, 0)",,,,,
07_10_20,1,"(0, 1, 1)",,,,,
07_10_21,1,"(0, 1, 9)",,,,,
07_10_22,1,"(1, 1, 4)",,,,,
07_10_23,1,"(0, 1, 0)",,,,,
07_10_24,1,"(1, 1, 4)",,,,,
07_10_25,1,"(1, 1, 1)",,,,,
07_10_26,1,"(1, 1, 1)",,,,,
07_11_12,1,"(1, 0, 1)",,,,,
07_11_13,1,"(1, 1, 1)",,,,,
07_11_14,1,"(4, 0, 1)",,,,,
07_11_15,1,"(0, 1, 0)",,,,,
07_11_16,1,"(0, 1, 9)",,,,,
07_11_17,1,"(1, 0, 0)",,,,,
07_11_18,1,"(1, 0, 0)",,,,,
07_11_19,1,"(1, 0, 0)",,,,,
07_11_20,1,"(0, 1, 1)",,,,,
07_11_21,1,"(1, 0, 16)",,,,,
07_11_22,1,"(1, 0, 4)",,,,,
07_11_23,1,"(0, 1, 0)",,,,,
07_11_24,1,"(4, 0, 1)",,,,,
07_11_25,1,"(4, 0, 0)",,,,,
07_11_26,2,"(4, 0, 0)","(1, 0, 1)",,,,
07_12_13,1,"(4, 0, 1)",,,,,
07_12_14,2,"(4, 1, 1)","(4, 4, 0)",,,,
07_12_15,1,"(0, 1, 1)",,,,,
07_12_16,1,"(1, 0, 9)",,,,,
07_12_17,1,"(1, 1, 1)",,,,,
07_12_18,1,"(0, 4, 1)",,,,,
07_12_19,1,"(0, 1, 1)",,,,,
07_12_20,1,"(1, 1, 1)",,,,,
07_12_21,1,"(1, 0, 9)",,,,,
07_12_22,1,"(4, 4, 9)",,,,,
07_12_23,1,"(0, 1, 0)",,,,,
07_12_24,1,"(16, 0, 1)",,,,,
07_12_25,1,"(4, 4, 0)",,,,,
07_12_26,2,"(4, 4, 1)","(1, 9, 1)",,,,
07_13_14,1,"(1, 1, 1)",,,,,
07_13_15,1,"(0, 4, 4)",,,,,
07_13_16,1,"(1, 1, 1)",,,,,
07_13_17,1,"(0, 1, 9)",,,,,
07_13_18,1,"(0, 1, 1)",,,,,
07_13_19,1,"(0, 1, 1)",,,,,
07_13_20,1,"(1, 1, 1)",,,,,
07_13_21,1,"(0, 1, 9)",,,,,
07_13_22,1,"(1, 1, 4)",,,,,
07_13_23,1,"(0, 1, 0)",,,,,
07_13_24,1,"(1, 1, 4)",,,,,
07_13_25,1,"(1, 1, 1)",,,,,
07_13_26,1,"(1, 1, 1)",,,,,
07_14_15,1,"(1, 1, 1)",,,,,
07_14_16,1,"(1, 1, 16)",,,,,
07_14_17,1,"(0, 4, 4)",,,,,
07_14_18,1,"(0, 4, 0)",,,,,
07_14_19,1,"(0, 4, 0)",,,,,
07_14_20,1,"(4, 1, 0)",,,,,
07_14_21,1,"(4, 0, 1)",,,,,
07_14_22,1,"(4, 0, 4)",,,,,
07_14_23,1,"(0, 4, 0)",,,,,
07_14_24,1,"(9, 0, 1)",,,,,
07_14_25,1,"(4, 1, 0)",,,,,
07_14_26,1,"(16, 0, 0)",,,,,
07_15_16,1,"(0, 1, 9)",,,,,
07_15_17,1,"(0, 0, 4)",,,,,
07_15_18,1,"(0, 0, 0)",,,,,
07_15_19,1,"(0, 0, 0)",,,,,
07_15_20,1,"(1, 0, 1)",,,,,
07_15_21,1,"(0, 1, 9)",,,,,
07_15_22,1,"(1, 0, 9)",,,,,
07_15_23,1,"(0, 0, 0)",,,,,
07_15_24,1,"(1, 0, 4)",,,,,
07_15_25,1,"(4, 0, 0)",,,,,
07_15_26,1,"(1, 1, 1)",,,,,
07_16_17,1,"(0, 9, 4)",,,,,
07_16_18,1,"(0, 9, 1)",,,,,
07_16_19,1,"(0, 9, 0)",,,,,
07_16_20,1,"(0, 16, 1)",,,,,
07_16_21,1,"(1, 1, 4)",,,,,
07_16_22,1,"(1, 16, 4)",,,,,
07_16_23,1,"(0, 4, 0)",,,,,
07_16_24,2,"(4, 4, 4)","(9, 4, 1)",,,,
07_16_25,1,"(1, 9, 1)",,,,,
07_16_26,1,"(1, 9, 1)",,,,,
07_17_18,1,"(0, 4, 0)",,,,,
07_17_19,1,"(0, 4, 0)",,,,,
07_17_20,1,"(1, 4, 1)",,,,,
07_17_21,1,"(1, 1, 9)",,,,,
07_17_22,1,"(1, 0, 4)",,,,,
07_17_23,1,"(0, 4, 0)",,,,,
07_17_24,1,"(1, 0, 4)",,,,,
07_17_25,1,"(1, 0, 1)",,,,,
07_17_26,1,"(1, 0, 1)",,,,,
07_18_19,1,"(0, 0, 0)",,,,,
07_18_20,1,"(0, 0, 4)",,,,,
07_18_21,1,"(0, 0, 16)",,,,,
07_18_22,1,"(1, 0, 4)",,,,,
07_18_23,1,"(0, 0, 0)",,,,,
07_18_24,1,"(1, 0, 4)",,,,,
07_18_25,1,"(1, 0, 1)",,,,,
07_18_26,1,"(1, 0, 1)",,,,,
07_19_20,1,"(0, 4, 1)",,,,,
07_19_21,1,"(0, 0, 16)",,,,,
07_19_22,2,"(0, 0, 9)","(1, 0, 4)",,,,
07_19_23,1,"(0, 0, 0)",,,,,
07_19_24,1,"(1, 0, 4)",,,,,
07_19_25,1,"(1, 0, 1)",,,,,
07_19_26,1,"(1, 0, 1)",,,,,
07_20_21,1,"(0, 1, 9)",,,,,
07_20_22,1,"(4, 0, 4)",,,,,
07_20_23,1,"(0, 1, 0)",,,,,
07_20_24,1,"(1, 1, 4)",,,,,
07_20_25,1,"(4, 1, 0)",,,,,
07_20_26,1,"(1, 1, 1)",,,,,
07_21_22,1,"(4, 4, 1)",,,,,
07_21_23,1,"(0, 9, 0)",,,,,
07_21_24,1,"(9, 1, 1)",,,,,
07_21_25,1,"(4, 4, 0)",,,,,
07_21_26,1,"(1, 9, 1)",,,,,
07_22_23,1,"(0, 9, 0)",,,,,
07_22_24,1,"(9, 4, 1)",,,,,
07_22_25,1,"(4, 1, 0)",,,,,
07_22_26,1,"(4, 1, 0)",,,,,
07_23_24,1,"(0, 0, 9)",,,,,
07_23_25,1,"(0, 0, 4)",,,,,
07_23_26,1,"(0, 0, 4)",,,,,
07_24_25,1,"(4, 1, 0)",,,,,
07_24_26,2,"(4, 4, 0)","(1, 4, 1)",,,,
07_25_26,1,"(4, 0, 1)",,,,,
08_09_10,1,"(100, 1, 1)",,,,,
08_09_11,1,"(225, 0, 0)",,,,,
08_09_12,1,"(36, 9, 0)",,,,,
08_09_13,1,"(36, 9, 0)",,,,,
08_09_14,1,"(144, 0, 0)",,,,,
08_09_15,1,"(25, 9, 0)",,,,,
08_09_16,1,"(36, 9, 4)",,,,,
08_09_17,1,"(25, 25, 0)",,,,,
08_09_18,1,"(64, 4, 0)",,,,,
08_09_19,2,"(25, 9, 0)","(64, 4, 0)",,,,
08_09_20,1,"(196, 1, 1)",,,,,
08_09_21,1,"(100, 1, 4)",,,,,
08_09_22,1,"(100, 1, 1)",,,,,
08_09_23,1,"(49, 4, 0)",,,,,
08_09_24,1,"(144, 1, 1)",,,,,
08_09_25,1,"(144, 1, 0)",,,,,
08_09_26,1,"(144, 1, 0)",,,,,
08_10_11,1,"(4, 1, 4)",,,,,
08_10_12,1,"(9, 1, 1)",,,,,
08_10_13,1,"(4, 0, 1)",,,,,
08_10_14,1,"(36, 0, 4)",,,,,
08_10_15,2,"(0, 16, 1)","(0, 1, 16)",,,,
08_10_16,1,"(1, 1, 1)",,,,,
08_10_17,1,"(4, 1, 4)",,,,,
08_10_18,2,"(4, 1, 1)","(25, 1, 0)",,,,
08_10_19,1,"(0, 1, 0)",,,,,
08_10_20,1,"(25, 0, 4)",,,,,
08_10_21,1,"(9, 0, 9)",,,,,
08_10_22,1,"(9, 0, 9)",,,,,
08_10_23,1,"(4, 0, 0)",,,,,
08_10_24,1,"(4, 0, 9)",,,,,
08_10_25,1,"(36, 0, 1)",,,,,
08_10_26,1,"(9, 1, 1)",,,,,
08_11_12,1,"(49, 0, 1)",,,,,
08_11_13,1,"(25, 1, 4)",,,,,
08_11_14,1,"(225, 0, 0)",,,,,
08_11_15,1,"(49, 0, 1)",,,,,
08_11_16,1,"(36, 1, 4)",,,,,
08_11_17,1,"(49, 0, 1)",,,,,
08_11_18,1,"(64, 1, 0)",,,,,
08_11_19,1,"(25, 1, 0)",,,,,
08_11_20,1,"(225, 0, 1)",,,,,
08_11_21,1,"(36, 1, 4)",,,,,
08_11_22,1,"(49, 0, 9)",,,,,
08_11_23,1,"(25, 1, 0)",,,,,
08_11_24,1,"(49, 0, 1)",,,,,
08_11_25,1,"(144, 0, 0)",,,,,
08_11_26,1,"(100, 0, 0)",,,,,
08_12_13,1,"(36, 0, 1)",,,,,
08_12_14,1,"(144, 1, 1)",,,,,
08_12_15,1,"(9, 1, 1)",,,,,
08_12_16,1,"(9, 1, 4)",,,,,
08_12_17,1,"(49, 1, 1)",,,,,
08_12_18,1,"(25, 1, 1)",,,,,
08_12_19,1,"(4, 4, 0)",,,,,
08_12_20,1,"(64, 1, 4)",,,,,
08_12_21,1,"(25, 1, 4)",,,,,
08_12_22,1,"(25, 4, 9)",,,,,
08_12_23,1,"(9, 1, 0)",,,,,
08_12_24,1,"(64, 1, 1)",,,,,
08_12_25,1,"(64, 1, 1)",,,,,
08_12_26,1,"(25, 4, 1)",,,,,
08_13_14,1,"(36, 0, 4)",,,,,
08_13_15,1,"(0, 4, 4)",,,,,
08_13_16,1,"(1, 1, 1)",,,,,
08_13_17,1,"(25, 4, 0)",,,,,
08_13_18,1,"(25, 1, 0)",,,,,
08_13_19,1,"(0, 1, 1)",,,,,
08_13_20,1,"(100, 1, 1)",,,,,
08_13_21,1,"(36, 0, 4)",,,,,
08_13_22,1,"(49, 1, 1)",,,,,
08_13_23,1,"(0, 1, 0)",,,,,
08_13_24,1,"(36, 1, 1)",,,,,
08_13_25,1,"(64, 1, 0)",,,,,
08_13_26,1,"(25, 1, 0)",,,,,
08_14_15,1,"(25, 4, 0)",,,,,
08_14_16,1,"(36, 4, 4)",,,,,
08_14_17,1,"(100, 1, 9)",,,,,
08_14_18,1,"(25, 4, 0)",,,,,
08_14_19,1,"(25, 4, 0)",,,,,
08_14_20,1,"(169, 1, 1)",,,,,
08_14_21,1,"(100, 0, 4)",,,,,
08_14_22,1,"(100, 1, 0)",,,,,
08_14_23,1,"(25, 4, 0)",,,,,
08_14_24,1,"(64, 1, 4)",,,,,
08_14_25,1,"(144, 0, 0)",,,,,
08_14_26,1,"(100, 1, 0)",,,,,
08_15_16,1,"(1, 1, 1)",,,,,
08_15_17,1,"(4, 1, 4)",,,,,
08_15_18,1,"(4, 1, 0)",,,,,
08_15_19,1,"(0, 1, 0)",,,,,
08_15_20,1,"(144, 0, 1)",,,,,
08_15_21,1,"(36, 0, 4)",,,,,
08_15_22,1,"(36, 0, 4)",,,,,
08_15_23,1,"(0, 1, 0)",,,,,
08_15_24,1,"(25, 1, 1)",,,,,
08_15_25,1,"(25, 0, 1)",,,,,
08_15_26,1,"(25, 1, 1)",,,,,
08_16_17,1,"(4, 9, 4)",,,,,
08_16_18,1,"(4, 9, 0)",,,,,
08_16_19,1,"(0, 4, 0)",,,,,
08_16_20,1,"(36, 4, 4)",,,,,
08_16_21,1,"(16, 0, 4)",,,,,
08_16_22,1,"(9, 4, 9)",,,,,
08_16_23,1,"(1, 1, 0)",,,,,
08_16_24,1,"(9, 4, 4)",,,,,
08_16_25,1,"(36, 4, 1)",,,,,
08_16_26,1,"(9, 4, 1)",,,,,
08_17_18,1,"(64, 0, 0)",,,,,
08_17_19,1,"(25, 0, 0)",,,,,
08_17_20,1,"(100, 1, 4)",,,,,
08_17_21,1,"(25, 1, 9)",,,,,
08_17_22,1,"(49, 1, 4)",,,,,
08_17_23,1,"(4, 4, 0)",,,,,
08_17_24,1,"(49, 1, 1)",,,,,
08_17_25,1,"(100, 1, 0)",,,,,
08_17_26,2,"(25, 1, 1)","(25, 9, 0)",,,,
08_18_19,1,"(4, 0, 0)",,,,,
08_18_20,1,"(49, 0, 4)",,,,,
08_18_21,1,"(4, 0, 16)",,,,,
08_18_22,1,"(49, 1, 1)",,,,,
08_18_23,1,"(4, 0, 0)",,,,,
08_18_24,1,"(49, 1, 1)",,,,,
08_18_25,1,"(25, 0, 1)",,,,,
08_18_26,1,"(25, 1, 0)",,,,,
08_19_20,1,"(25, 1, 4)",,,,,
08_19_21,1,"(0, 0, 16)",,,,,
08_19_22,1,"(25, 0, 9)",,,,,
08_19_23,1,"(0, 0, 0)",,,,,
08_19_24,1,"(4, 0, 4)",,,,,
08_19_25,1,"(25, 0, 1)",,,,,
08_19_26,1,"(25, 1, 0)",,,,,
08_20_21,1,"(36, 4, 9)",,,,,
08_20_22,1,"(169, 1, 1)",,,,,
08_20_23,1,"(100, 1, 0)",,,,,
08_20_24,1,"(100, 4, 1)",,,,,
08_20_25,1,"(169, 1, 0)",,,,,
08_20_26,1,"(64, 4, 0)",,,,,
08_21_22,1,"(100, 4, 0)",,,,,
08_21_23,1,"(1, 9, 0)",,,,,
08_21_24,1,"(36, 4, 1)",,,,,
08_21_25,1,"(64, 4, 0)",,,,,
08_21_26,1,"(25, 9, 0)",,,,,
08_22_23,1,"(25, 9, 0)",,,,,
08_22_24,1,"(25, 9, 1)",,,,,
08_22_25,1,"(64, 1, 0)",,,,,
08_22_26,2,"(25, 4, 0)","(49, 1, 0)",,,,
08_23_24,1,"(4, 1, 4)",,,,,
08_23_25,1,"(4, 0, 4)",,,,,
08_23_26,1,"(4, 0, 4)",,,,,
08_24_25,1,"(100, 1, 0)",,,,,
08_24_26,1,"(25, 1, 1)",,,,,
08_25_26,1,"(100, 0, 0)",,,,,
09_10_11,1,"(0, 4, 1)",,,,,
09_10_12,1,"(1, 1, 1)",,,,,
09_10_13,1,"(1, 1, 1)",,,,,
09_10_14,1,"(1, 1, 0)",,,,,
09_10_15,2,"(0, 9, 4)","(0, 4, 9)",,,,
09_10_16,1,"(1, 1, 9)",,,,,
09_10_17,1,"(4, 4, 1)",,,,,
09_10_18,1,"(1, 1, 4)",,,,,
09_10_19,1,"(1, 1, 1)",,,,,
09_10_20,1,"(1, 1, 1)",,,,,
09_10_21,1,"(1, 1, 0)",,,,,
09_10_22,1,"(1, 1, 1)",,,,,
09_10_23,2,"(4, 1, 0)","(1, 1, 1)",,,,
09_10_24,1,"(1, 1, 1)",,,,,
09_10_25,1,"(1, 4, 0)",,,,,
09_10_26,1,"(1, 1, 1)",,,,,
09_11_12,1,"(1, 0, 1)",,,,,
09_11_13,1,"(0, 0, 4)",,,,,
09_11_14,1,"(0, 0, 0)",,,,,
09_11_15,2,"(1, 0, 1)","(4, 0, 0)",,,,
09_11_16,2,"(1, 0, 25)","(4, 0, 16)",,,,
09_11_17,2,"(1, 0, 1)","(0, 0, 4)",,,,
09_11_18,1,"(1, 0, 1)",,,,,
09_11_19,1,"(1, 0, 1)",,,,,
09_11_20,1,"(0, 1, 1)",,,,,
09_11_21,1,"(0, 0, 4)",,,,,
09_11_22,1,"(0, 0, 0)",,,,,
09_11_23,1,"(4, 0, 1)",,,,,
09_11_24,1,"(1, 0, 0)",,,,,
09_11_25,1,"(0, 0, 0)",,,,,
09_11_26,1,"(0, 0, 0)",,,,,
09_12_13,1,"(1, 1, 1)",,,,,
09_12_14,1,"(0, 4, 0)",,,,,
09_12_15,1,"(1, 1, 1)",,,,,
09_12_16,1,"(4, 0, 4)",,,,,
09_12_17,1,"(1, 4, 4)",,,,,
09_12_18,1,"(1, 4, 4)",,,,,
09_12_19,1,"(1, 4, 4)",,,,,
09_12_20,1,"(1, 4, 1)",,,,,
09_12_21,1,"(1, 1, 1)",,,,,
09_12_22,1,"(1, 1, 4)",,,,,
09_12_23,1,"(1, 1, 4)",,,,,
09_12_24,1,"(1, 1, 0)",,,,,
09_12_25,1,"(1, 1, 0)",,,,,
09_12_26,1,"(0, 9, 0)",,,,,
09_13_14,1,"(0, 1, 1)",,,,,
09_13_15,1,"(0, 4, 4)",,,,,
09_13_16,1,"(4, 1, 4)",,,,,
09_13_17,1,"(4, 4, 1)",,,,,
09_13_18,1,"(1, 1, 4)",,,,,
09_13_19,1,"(1, 1, 1)",,,,,
09_13_20,1,"(1, 1, 1)",,,,,
09_13_21,1,"(0, 1, 1)",,,,,
09_13_22,1,"(1, 1, 0)",,,,,
09_13_23,1,"(1, 1, 1)",,,,,
09_13_24,1,"(0, 1, 1)",,,,,
09_13_25,1,"(1, 1, 0)",,,,,
09_13_26,1,"(1, 1, 0)",,,,,
09_14_15,1,"(0, 0, 4)",,,,,
09_14_16,1,"(0, 0, 16)",,,,,
09_14_17,1,"(0, 0, 4)",,,,,
09_14_18,1,"(0, 0, 4)",,,,,
09_14_19,1,"(0, 0, 4)",,,,,
09_14_20,1,"(0, 0, 1)",,,,,
09_14_21,1,"(0, 0, 1)",,,,,
09_14_22,1,"(0, 0, 0)",,,,,
09_14_23,1,"(0, 0, 4)",,,,,
09_14_24,1,"(0, 0, 1)",,,,,
09_14_25,1,"(0, 0, 0)",,,,,
09_14_26,1,"(0, 0, 0)",,,,,
09_15_16,1,"(4, 0, 9)",,,,,
09_15_17,2,"(1, 1, 1)","(4, 0, 1)",,,,
09_15_18,1,"(1, 1, 1)",,,,,
09_15_19,1,"(1, 1, 1)",,,,,
09_15_20,1,"(1, 1, 1)",,,,,
09_15_21,1,"(1, 1, 1)",,,,,
09_15_22,1,"(1, 1, 0)",,,,,
09_15_23,3,"(1, 1, 1)","(4, 1, 0)","(4, 0, 1)",,,
09_15_24,1,"(1, 1, 1)",,,,,
09_15_25,1,"(1, 1, 0)",,,,,
09_15_26,1,"(1, 1, 0)",,,,,
09_16_17,1,"(4, 25, 4)",,,,,
09_16_18,1,"(1, 25, 1)",,,,,
09_16_19,1,"(4, 25, 0)",,,,,
09_16_20,1,"(1, 25, 1)",,,,,
09_16_21,1,"(1, 9, 1)",,,,,
09_16_22,1,"(1, 9, 1)",,,,,
09_16_23,1,"(4, 16, 0)",,,,,
09_16_24,1,"(1, 9, 1)",,,,,
09_16_25,1,"(1, 16, 0)",,,,,
09_16_26,1,"(1, 16, 0)",,,,,
09_17_18,1,"(1, 1, 1)",,,,,
09_17_19,1,"(4, 0, 0)",,,,,
09_17_20,2,"(9, 4, 1)","(1, 25, 1)",,,,
09_17_21,1,"(0, 4, 9)",,,,,
09_17_22,1,"(0, 4, 1)",,,,,
09_17_23,1,"(4, 0, 1)",,,,,
09_17_24,1,"(1, 4, 1)",,,,,
09_17_25,2,"(1, 1, 0)","(0, 4, 0)",,,,
09_17_26,1,"(1, 4, 0)",,,,,
09_18_19,1,"(4, 0, 0)",,,,,
09_18_20,1,"(1, 4, 1)",,,,,
09_18_21,1,"(0, 4, 9)",,,,,
09_18_22,1,"(1, 1, 1)",,,,,
09_18_23,1,"(4, 0, 0)",,,,,
09_18_24,1,"(1, 4, 1)",,,,,
09_18_25,1,"(1, 1, 0)",,,,,
09_18_26,2,"(1, 4, 0)","(4, 1, 0)",,,,
09_19_20,1,"(4, 4, 1)",,,,,
09_19_21,1,"(0, 4, 9)",,,,,
09_19_22,1,"(1, 1, 1)",,,,,
09_19_23,1,"(4, 0, 0)",,,,,
09_19_24,1,"(4, 1, 1)",,,,,
09_19_25,1,"(1, 1, 0)",,,,,
09_19_26,1,"(4, 1, 0)",,,,,
09_20_21,1,"(1, 1, 4)",,,,,
09_20_22,1,"(1, 1, 0)",,,,,
09_20_23,1,"(1, 0, 1)",,,,,
09_20_24,1,"(1, 1, 1)",,,,,
09_20_25,1,"(1, 1, 0)",,,,,
09_20_26,1,"(1, 1, 0)",,,,,
09_21_22,1,"(0, 4, 0)",,,,,
09_21_23,1,"(0, 4, 4)",,,,,
09_21_24,1,"(1, 1, 0)",,,,,
09_21_25,1,"(1, 0, 0)",,,,,
09_21_26,1,"(0, 4, 0)",,,,,
09_22_23,1,"(1, 4, 1)",,,,,
09_22_24,2,"(0, 4, 1)","(1, 4, 0)",,,,
09_22_25,1,"(0, 0, 0)",,,,,
09_22_26,1,"(0, 0, 0)",,,,,
09_23_24,1,"(1, 1, 4)",,,,,
09_23_25,1,"(1, 4, 0)",,,,,
09_23_26,1,"(4, 1, 1)",,,,,
09_24_25,1,"(1, 0, 0)",,,,,
09_24_26,1,"(0, 4, 0)",,,,,
09_25_26,1,"(0, 0, 0)",,,,,
10_11_12,1,"(4, 1, 0)",,,,,
10_11_13,1,"(1, 1, 1)",,,,,
10_11_14,1,"(4, 1, 0)",,,,,
10_11_15,4,"(9, 0, 4)","(4, 0, 9)","(16, 0, 1)","(25, 0, 0)",,
10_11_16,1,"(4, 1, 9)",,,,,
10_11_17,1,"(4, 0, 0)",,,,,
10_11_18,1,"(4, 0, 1)",,,,,
10_11_19,1,"(4, 0, 0)",,,,,
10_11_20,2,"(4, 1, 1)","(9, 0, 1)",,,,
10_11_21,1,"(4, 0, 4)",,,,,
10_11_22,1,"(4, 0, 1)",,,,,
10_11_23,1,"(1, 1, 0)",,,,,
10_11_24,1,"(4, 0, 1)",,,,,
10_11_25,1,"(4, 0, 0)",,,,,
10_11_26,1,"(4, 0, 1)",,,,,
10_12_13,1,"(1, 1, 1)",,,,,
10_12_14,1,"(1, 1, 1)",,,,,
10_12_15,2,"(4, 0, 9)","(9, 0, 4)",,,,
10_12_16,1,"(1, 1, 4)",,,,,
10_12_17,1,"(4, 4, 1)",,,,,
10_12_18,1,"(1, 4, 1)",,,,,
10_12_19,2,"(1, 1, 1)","(1, 4, 0)",,,,
10_12_20,1,"(1, 1, 1)",,,,,
10_12_21,1,"(1, 1, 0)",,,,,
10_12_22,1,"(1, 4, 4)",,,,,
10_12_23,1,"(1, 1, 0)",,,,,
10_12_24,1,"(4, 1, 0)",,,,,
10_12_25,1,"(4, 1, 0)",,,,,
10_12_26,1,"(4, 4, 1)",,,,,
10_13_14,1,"(1, 0, 1)",,,,,
10_13_15,1,"(1, 0, 16)",,,,,
10_13_16,1,"(0, 1, 9)",,,,,
10_13_17,1,"(1, 1, 9)",,,,,
10_13_18,1,"(1, 1, 0)",,,,,
10_13_19,1,"(0, 1, 1)",,,,,
10_13_20,1,"(1, 1, 1)",,,,,
10_13_21,1,"(0, 1, 1)",,,,,
10_13_22,1,"(1, 1, 1)",,,,,
10_13_23,1,"(0, 1, 0)",,,,,
10_13_24,1,"(0, 1, 4)",,,,,
10_13_25,2,"(0, 1, 1)","(1, 1, 0)",,,,
10_13_26,1,"(1, 1, 1)",,,,,
10_14_15,3,"(4, 0, 9)","(9, 0, 4)","(1, 0, 16)",,,
10_14_16,1,"(1, 0, 9)",,,,,
10_14_17,1,"(4, 1, 1)",,,,,
10_14_18,1,"(1, 1, 1)",,,,,
10_14_19,1,"(1, 1, 1)",,,,,
10_14_20,2,"(1, 1, 1)","(4, 1, 0)",,,,
10_14_21,1,"(1, 0, 0)",,,,,
10_14_22,1,"(1, 0, 1)",,,,,
10_14_23,1,"(1, 1, 1)",,,,,
10_14_24,1,"(1, 0, 4)",,,,,
10_14_25,1,"(4, 0, 0)",,,,,
10_14_26,1,"(1, 0, 1)",,,,,
10_15_16,3,"(9, 4, 0)","(16, 1, 0)","(4, 9, 0)",,,
10_15_17,3,"(4, 9, 0)","(9, 4, 0)","(16, 1, 0)",,,
10_15_18,5,"(16, 1, 0)","(9, 4, 0)","(4, 9, 0)","(1, 16, 0)","(25, 0, 0)",
10_15_19,5,"(16, 1, 0)","(9, 4, 0)","(4, 9, 0)","(1, 16, 0)","(25, 0, 0)",
10_15_20,3,"(9, 4, 0)","(4, 9, 0)","(1, 16, 0)",,,
10_15_21,3,"(4, 9, 0)","(1, 16, 0)","(9, 4, 0)",,,
10_15_22,3,"(4, 9, 0)","(9, 4, 0)","(16, 1, 0)",,,
10_15_23,6,"(16, 1, 0)","(9, 4, 0)","(4, 9, 0)","(1, 16, 0)","(0, 25, 0)","(25, 0, 0)"
10_15_24,2,"(9, 4, 0)","(4, 9, 0)",,,,
10_15_25,1,"(25, 0, 0)",,,,,
10_15_26,3,"(4, 9, 0)","(9, 4, 0)","(16, 1, 0)",,,
10_16_17,1,"(4, 9, 1)",,,,,
10_16_18,1,"(1, 16, 0)",,,,,
10_16_19,1,"(1, 4, 1)",,,,,
10_16_20,1,"(1, 16, 1)",,,,,
10_16_21,1,"(1, 1, 1)",,,,,
10_16_22,1,"(1, 9, 1)",,,,,
10_16_23,1,"(1, 1, 0)",,,,,
10_16_24,1,"(0, 9, 4)",,,,,
10_16_25,1,"(1, 9, 0)",,,,,
10_16_26,1,"(1, 9, 1)",,,,,
10_17_18,1,"(4, 0, 1)",,,,,
10_17_19,1,"(4, 0, 0)",,,,,
10_17_20,1,"(4, 4, 1)",,,,,
10_17_21,1,"(4, 1, 9)",,,,,
10_17_22,1,"(4, 1, 1)",,,,,
10_17_23,1,"(1, 4, 0)",,,,,
10_17_24,1,"(4, 4, 1)",,,,,
10_17_25,1,"(4, 1, 0)",,,,,
10_17_26,1,"(4, 1, 0)",,,,,
10_18_19,1,"(1, 0, 0)",,,,,
10_18_20,2,"(4, 1, 1)","(1, 4, 1)",,,,
10_18_21,1,"(1, 0, 16)",,,,,
10_18_22,1,"(1, 1, 4)",,,,,
10_18_23,1,"(1, 0, 0)",,,,,
10_18_24,1,"(4, 1, 1)",,,,,
10_18_25,2,"(4, 1, 0)","(1, 4, 0)",,,,
10_18_26,1,"(1, 1, 1)",,,,,
10_19_20,1,"(1, 4, 1)",,,,,
10_19_21,1,"(0, 4, 4)",,,,,
10_19_22,1,"(1, 0, 9)",,,,,
10_19_23,1,"(1, 0, 0)",,,,,
10_19_24,1,"(4, 1, 1)",,,,,
10_19_25,1,"(1, 1, 0)",,,,,
10_19_26,1,"(1, 1, 1)",,,,,
10_20_21,1,"(1, 1, 4)",,,,,
10_20_22,1,"(1, 0, 9)",,,,,
10_20_23,1,"(1, 0, 1)",,,,,
10_20_24,1,"(1, 1, 4)",,,,,
10_20_25,1,"(4, 1, 0)",,,,,
10_20_26,1,"(1, 0, 4)",,,,,
10_21_22,1,"(1, 1, 1)",,,,,
10_21_23,1,"(0, 4, 1)",,,,,
10_21_24,1,"(0, 1, 4)",,,,,
10_21_25,1,"(1, 1, 0)",,,,,
10_21_26,1,"(1, 1, 1)",,,,,
10_22_23,2,"(0, 9, 1)","(1, 4, 1)",,,,
10_22_24,1,"(1, 4, 1)",,,,,
10_22_25,1,"(1, 1, 0)",,,,,
10_22_26,1,"(4, 0, 0)",,,,,
10_23_24,1,"(0, 0, 9)",,,,,
10_23_25,1,"(0, 1, 1)",,,,,
10_23_26,1,"(1, 1, 1)",,,,,
10_24_25,1,"(4, 0, 0)",,,,,
10_24_26,1,"(1, 4, 1)",,,,,
10_25_26,1,"(1, 0, 1)",,,,,
11_12_13,1,"(0, 0, 4)",,,,,
11_12_14,1,"(0, 1, 1)",,,,,
11_12_15,1,"(0, 1, 1)",,,,,
11_12_16,1,"(0, 0, 16)",,,,,
11_12_17,1,"(0, 1, 1)",,,,,
11_12_18,1,"(0, 1, 1)",,,,,
11_12_19,1,"(0, 1, 1)",,,,,
11_12_20,1,"(0, 1, 1)",,,,,
11_12_21,1,"(0, 0, 1)",,,,,
11_12_22,1,"(0, 1, 4)",,,,,
11_12_23,1,"(0, 1, 1)",,,,,
11_12_24,1,"(0, 0, 1)",,,,,
11_12_25,1,"(0, 1, 0)",,,,,
11_12_26,1,"(0, 1, 1)",,,,,
11_13_14,1,"(0, 4, 1)",,,,,
11_13_15,1,"(0, 4, 4)",,,,,
11_13_16,1,"(1, 4, 9)",,,,,
11_13_17,1,"(0, 4, 1)",,,,,
11_13_18,1,"(1, 4, 0)",,,,,
11_13_19,1,"(0, 4, 1)",,,,,
11_13_20,1,"(1, 4, 1)",,,,,
11_13_21,1,"(0, 4, 1)",,,,,
11_13_22,1,"(0, 4, 0)",,,,,
11_13_23,1,"(1, 1, 1)",,,,,
11_13_24,1,"(0, 4, 0)",,,,,
11_13_25,1,"(0, 4, 0)",,,,,
11_13_26,1,"(0, 4, 0)",,,,,
11_14_15,1,"(0, 1, 1)",,,,,
11_14_16,1,"(0, 1, 25)",,,,,
11_14_17,1,"(0, 0, 4)",,,,,
11_14_18,1,"(0, 1, 1)",,,,,
11_14_19,1,"(0, 1, 1)",,,,,
11_14_20,1,"(1, 0, 1)",,,,,
11_14_21,1,"(0, 0, 4)",,,,,
11_14_22,1,"(0, 0, 0)",,,,,
11_14_23,2,"(0, 1, 4)","(0, 4, 1)",,,,
11_14_24,1,"(0, 1, 0)",,,,,
11_14_25,1,"(0, 0, 0)",,,,,
11_14_26,1,"(0, 0, 0)",,,,,
11_15_16,1,"(1, 0, 9)",,,,,
11_15_17,1,"(0, 0, 1)",,,,,
11_15_18,1,"(0, 1, 0)",,,,,
11_15_19,2,"(0, 1, 0)","(0, 0, 1)",,,,
11_15_20,1,"(0, 0, 1)",,,,,
11_15_21,1,"(0, 0, 9)",,,,,
11_15_22,1,"(0, 0, 1)",,,,,
11_15_23,1,"(1, 0, 0)",,,,,
11_15_24,1,"(0, 1, 1)",,,,,
11_15_25,1,"(0, 0, 0)",,,,,
11_15_26,1,"(0, 0, 1)",,,,,
11_16_17,1,"(0, 16, 1)",,,,,
11_16_18,1,"(0, 25, 1)",,,,,
11_16_19,1,"(0, 25, 0)",,,,,
11_16_20,1,"(0, 16, 4)",,,,,
11_16_21,1,"(1, 4, 1)",,,,,
11_16_22,1,"(0, 16, 4)",,,,,
11_16_23,1,"(1, 9, 0)",,,,,
11_16_24,1,"(0, 9, 1)",,,,,
11_16_25,1,"(0, 16, 0)",,,,,
11_16_26,1,"(0, 25, 0)",,,,,
11_17_18,1,"(0, 0, 0)",,,,,
11_17_19,1,"(0, 0, 0)",,,,,
11_17_20,1,"(0, 1, 4)",,,,,
11_17_21,1,"(0, 1, 16)",,,,,
11_17_22,1,"(0, 1, 1)",,,,,
11_17_23,1,"(0, 0, 1)",,,,,
11_17_24,1,"(0, 1, 1)",,,,,
11_17_25,1,"(0, 1, 0)",,,,,
11_17_26,1,"(0, 1, 0)",,,,,
11_18_19,1,"(0, 0, 0)",,,,,
11_18_20,1,"(1, 4, 1)",,,,,
11_18_21,1,"(0, 0, 25)",,,,,
11_18_22,1,"(0, 1, 1)",,,,,
11_18_23,1,"(0, 0, 1)",,,,,
11_18_24,1,"(0, 1, 1)",,,,,
11_18_25,1,"(0, 1, 0)",,,,,
11_18_26,2,"(0, 4, 0)","(0, 1, 1)",,,,
11_19_20,1,"(0, 1, 4)",,,,,
11_19_21,1,"(0, 0, 25)",,,,,
11_19_22,1,"(0, 1, 1)",,,,,
11_19_23,1,"(0, 0, 1)",,,,,
11_19_24,1,"(0, 1, 1)",,,,,
11_19_25,1,"(0, 1, 0)",,,,,
11_19_26,1,"(0, 1, 0)",,,,,
11_20_21,1,"(0, 1, 9)",,,,,
11_20_22,1,"(1, 1, 0)",,,,,
11_20_23,1,"(1, 1, 0)",,,,,
11_20_24,1,"(0, 1, 1)",,,,,
11_20_25,1,"(0, 1, 0)",,,,,
11_20_26,1,"(1, 1, 0)",,,,,
11_21_22,1,"(0, 4, 0)",,,,,
11_21_23,1,"(0, 16, 1)",,,,,
11_21_24,1,"(0, 1, 0)",,,,,
11_21_25,1,"(0, 1, 0)",,,,,
11_21_26,1,"(0, 4, 0)",,,,,
11_22_23,1,"(0, 4, 1)",,,,,
11_22_24,1,"(0, 1, 1)",,,,,
11_22_25,1,"(0, 0, 0)",,,,,
11_22_26,1,"(0, 0, 0)",,,,,
11_23_24,1,"(0, 1, 4)",,,,,
11_23_25,1,"(0, 4, 0)",,,,,
11_23_26,1,"(0, 1, 1)",,,,,
11_24_25,1,"(0, 0, 0)",,,,,
11_24_26,1,"(0, 0, 1)",,,,,
11_25_26,1,"(0, 0, 0)",,,,,
12_13_14,1,"(1, 1, 1)",,,,,
12_13_15,1,"(0, 4, 4)",,,,,
12_13_16,1,"(4, 1, 1)",,,,,
12_13_17,1,"(1, 4, 1)",,,,,
12_13_18,1,"(0, 1, 4)",,,,,
12_13_19,1,"(0, 1, 4)",,,,,
12_13_20,1,"(4, 1, 1)",,,,,
12_13_21,1,"(1, 1, 0)",,,,,
12_13_22,1,"(1, 1, 9)",,,,,
12_13_23,1,"(0, 1, 1)",,,,,
12_13_24,1,"(0, 4, 1)",,,,,
12_13_25,1,"(4, 1, 0)",,,,,
12_13_26,1,"(4, 1, 1)",,,,,
12_14_15,1,"(1, 1, 1)",,,,,
12_14_16,2,"(1, 4, 1)","(1, 1, 9)",,,,
12_14_17,1,"(4, 1, 4)",,,,,
12_14_18,3,"(4, 1, 4)","(9, 0, 4)","(9, 1, 1)",,,
12_14_19,2,"(4, 1, 4)","(9, 1, 1)",,,,
12_14_20,1,"(9, 0, 1)",,,,,
12_14_21,1,"(1, 1, 1)",,,,,
12_14_22,1,"(9, 0, 0)",,,,,
12_14_23,1,"(4, 1, 1)",,,,,
12_14_24,1,"(1, 1, 0)",,,,,
12_14_25,1,"(1, 1, 0)",,,,,
12_14_26,1,"(9, 0, 0)",,,,,
12_15_16,1,"(1, 1, 1)",,,,,
12_15_17,1,"(4, 1, 0)",,,,,
12_15_18,1,"(9, 0, 0)",,,,,
12_15_19,2,"(4, 1, 0)","(1, 1, 1)",,,,
12_15_20,2,"(1, 1, 1)","(4, 0, 1)",,,,
12_15_21,1,"(1, 1, 1)",,,,,
12_15_22,1,"(4, 1, 1)",,,,,
12_15_23,1,"(1, 1, 0)",,,,,
12_15_24,2,"(1, 1, 1)","(0, 4, 1)",,,,
12_15_25,1,"(4, 1, 0)",,,,,
12_15_26,1,"(4, 1, 1)",,,,,
12_16_17,1,"(1, 16, 1)",,,,,
12_16_18,1,"(1, 1, 4)",,,,,
12_16_19,1,"(1, 4, 1)",,,,,
12_16_20,1,"(1, 1, 4)",,,,,
12_16_21,1,"(1, 0, 1)",,,,,
12_16_22,1,"(1, 4, 9)",,,,,
12_16_23,1,"(1, 4, 0)",,,,,
12_16_24,1,"(1, 4, 1)",,,,,
12_16_25,1,"(0, 9, 1)",,,,,
12_16_26,1,"(4, 4, 1)",,,,,
12_17_18,1,"(1, 1, 1)",,,,,
12_17_19,1,"(4, 0, 0)",,,,,
12_17_20,1,"(1, 4, 4)",,,,,
12_17_21,1,"(1, 4, 9)",,,,,
12_17_22,1,"(4, 4, 4)",,,,,
12_17_23,1,"(1, 1, 1)",,,,,
12_17_24,1,"(1, 4, 1)",,,,,
12_17_25,1,"(4, 4, 0)",,,,,
12_17_26,1,"(1, 4, 1)",,,,,
12_18_19,1,"(9, 0, 0)",,,,,
12_18_20,1,"(4, 1, 4)",,,,,
12_18_21,1,"(0, 4, 9)",,,,,
12_18_22,1,"(4, 1, 9)",,,,,
12_18_23,2,"(4, 1, 0)","(9, 0, 0)",,,,
12_18_24,2,"(1, 4, 1)","(1, 1, 4)",,,,
12_18_25,2,"(4, 4, 0)","(9, 1, 0)",,,,
12_18_26,1,"(9, 1, 0)",,,,,
12_19_20,1,"(1, 4, 4)",,,,,
12_19_21,1,"(0, 4, 9)",,,,,
12_19_22,1,"(4, 1, 9)",,,,,
12_19_23,1,"(4, 0, 0)",,,,,
12_19_24,2,"(1, 4, 1)","(1, 1, 4)",,,,
12_19_25,2,"(4, 4, 0)","(9, 1, 0)",,,,
12_19_26,1,"(4, 1, 1)",,,,,
12_20_21,1,"(1, 1, 9)",,,,,
12_20_22,1,"(4, 1, 4)",,,,,
12_20_23,1,"(1, 1, 1)",,,,,
12_20_24,1,"(1, 1, 1)",,,,,
12_20_25,1,"(4, 1, 0)",,,,,
12_20_26,1,"(4, 1, 1)",,,,,
12_21_22,1,"(1, 1, 4)",,,,,
12_21_23,1,"(0, 9, 1)",,,,,
12_21_24,1,"(0, 1, 1)",,,,,
12_21_25,1,"(1, 1, 0)",,,,,
12_21_26,1,"(0, 1, 4)",,,,,
12_22_23,1,"(9, 9, 1)",,,,,
12_22_24,1,"(1, 4, 0)",,,,,
12_22_25,1,"(1, 4, 0)",,,,,
12_22_26,1,"(9, 0, 0)",,,,,
12_23_24,2,"(1, 4, 4)","(0, 9, 4)",,,,
12_23_25,1,"(4, 4, 0)",,,,,
12_23_26,1,"(4, 4, 1)",,,,,
12_24_25,1,"(1, 0, 0)",,,,,
12_24_26,1,"(1, 0, 1)",,,,,
12_25_26,2,"(4, 0, 1)","(9, 0, 0)",,,,
13_14_15,1,"(4, 0, 4)",,,,,
13_14_16,1,"(1, 1, 9)",,,,,
13_14_17,1,"(1, 1, 9)",,,,,
13_14_18,1,"(1, 4, 0)",,,,,
13_14_19,1,"(1, 1, 1)",,,,,
13_14_20,1,"(4, 0, 1)",,,,,
13_14_21,1,"(0, 1, 1)",,,,,
13_14_22,1,"(1, 1, 0)",,,,,
13_14_23,1,"(1, 1, 1)",,,,,
13_14_24,1,"(1, 1, 1)",,,,,
13_14_25,1,"(1, 1, 0)",,,,,
13_14_26,1,"(1, 1, 0)",,,,,
13_15_16,2,"(9, 4, 0)","(9, 1, 4)",,,,
13_15_17,1,"(9, 1, 0)",,,,,
13_15_18,1,"(9, 1, 0)",,,,,
13_15_19,1,"(4, 4, 0)",,,,,
13_15_20,1,"(4, 4, 1)",,,,,
13_15_21,1,"(4, 4, 0)",,,,,
13_15_22,1,"(4, 4, 0)",,,,,
13_15_23,2,"(4, 4, 0)","(1, 9, 0)",,,,
13_15_24,1,"(4, 4, 0)",,,,,
13_15_25,1,"(4, 4, 0)",,,,,
13_15_26,1,"(4, 4, 0)",,,,,
13_16_17,1,"(4, 9, 1)",,,,,
13_16_18,1,"(1, 16, 0)",,,,,
13_16_19,1,"(1, 4, 1)",,,,,
13_16_20,1,"(1, 16, 1)",,,,,
13_16_21,1,"(1, 4, 1)",,,,,
13_16_22,1,"(1, 16, 1)",,,,,
13_16_23,1,"(1, 1, 0)",,,,,
13_16_24,1,"(4, 4, 1)",,,,,
13_16_25,1,"(1, 9, 0)",,,,,
13_16_26,1,"(1, 4, 4)",,,,,
13_17_18,1,"(4, 0, 1)",,,,,
13_17_19,1,"(4, 0, 0)",,,,,
13_17_20,1,"(1, 25, 1)",,,,,
13_17_21,1,"(4, 4, 4)",,,,,
13_17_22,1,"(4, 4, 0)",,,,,
13_17_23,1,"(1, 9, 0)",,,,,
13_17_24,1,"(4, 1, 1)",,,,,
13_17_25,1,"(4, 1, 0)",,,,,
13_17_26,1,"(4, 1, 0)",,,,,
13_18_19,1,"(1, 0, 0)",,,,,
13_18_20,1,"(4, 1, 1)",,,,,
13_18_21,1,"(0, 4, 4)",,,,,
13_18_22,1,"(1, 0, 9)",,,,,
13_18_23,1,"(1, 0, 0)",,,,,
13_18_24,1,"(1, 4, 1)",,,,,
13_18_25,1,"(4, 1, 0)",,,,,
13_18_26,1,"(1, 4, 0)",,,,,
13_19_20,1,"(1, 4, 1)",,,,,
13_19_21,1,"(0, 4, 4)",,,,,
13_19_22,1,"(1, 0, 9)",,,,,
13_19_23,1,"(1, 0, 0)",,,,,
13_19_24,2,"(1, 4, 1)","(1, 1, 4)",,,,
13_19_25,1,"(1, 4, 0)",,,,,
13_19_26,1,"(1, 1, 1)",,,,,
13_20_21,1,"(0, 4, 1)",,,,,
13_20_22,1,"(1, 1, 1)",,,,,
13_20_23,1,"(1, 1, 0)",,,,,
13_20_24,1,"(1, 1, 4)",,,,,
13_20_25,1,"(4, 1, 0)",,,,,
13_20_26,1,"(1, 1, 0)",,,,,
13_21_22,1,"(1, 1, 0)",,,,,
13_21_23,1,"(0, 4, 1)",,,,,
13_21_24,1,"(1, 0, 1)",,,,,
13_21_25,1,"(1, 0, 0)",,,,,
13_21_26,1,"(1, 1, 0)",,,,,
13_22_23,1,"(1, 4, 1)",,,,,
13_22_24,1,"(1, 4, 1)",,,,,
13_22_25,1,"(1, 0, 0)",,,,,
13_22_26,1,"(1, 0, 0)",,,,,
13_23_24,1,"(1, 1, 4)",,,,,
13_23_25,1,"(1, 1, 1)",,,,,
13_23_26,1,"(1, 1, 1)",,,,,
13_24_25,1,"(1, 1, 0)",,,,,
13_24_26,1,"(1, 4, 0)",,,,,
13_25_26,1,"(1, 0, 0)",,,,,
14_15_16,1,"(1, 1, 4)",,,,,
14_15_17,1,"(1, 1, 1)",,,,,
14_15_18,1,"(1, 1, 1)",,,,,
14_15_19,1,"(1, 1, 1)",,,,,
14_15_20,2,"(1, 1, 1)","(1, 4, 0)",,,,
14_15_21,1,"(1, 1, 1)",,,,,
14_15_22,1,"(1, 1, 0)",,,,,
14_15_23,1,"(1, 1, 1)",,,,,
14_15_24,1,"(1, 1, 1)",,,,,
14_15_25,1,"(1, 1, 0)",,,,,
14_15_26,1,"(1, 1, 0)",,,,,
14_16_17,1,"(1, 25, 4)",,,,,
14_16_18,1,"(1, 16, 1)",,,,,
14_16_19,1,"(1, 16, 1)",,,,,
14_16_20,1,"(1, 16, 1)",,,,,
14_16_21,1,"(0, 9, 1)",,,,,
14_16_22,1,"(0, 9, 1)",,,,,
14_16_23,1,"(1, 9, 1)",,,,,
14_16_24,1,"(1, 9, 1)",,,,,
14_16_25,1,"(0, 16, 0)",,,,,
14_16_26,1,"(0, 16, 0)",,,,,
14_17_18,1,"(4, 0, 0)",,,,,
14_17_19,1,"(4, 0, 0)",,,,,
14_17_20,1,"(1, 16, 1)",,,,,
14_17_21,1,"(0, 4, 9)",,,,,
14_17_22,1,"(0, 4, 1)",,,,,
14_17_23,1,"(4, 0, 1)",,,,,
14_17_24,1,"(1, 4, 1)",,,,,
14_17_25,1,"(0, 4, 0)",,,,,
14_17_26,1,"(1, 4, 0)",,,,,
14_18_19,1,"(4, 0, 0)",,,,,
14_18_20,1,"(1, 4, 1)",,,,,
14_18_21,1,"(0, 4, 4)",,,,,
14_18_22,1,"(1, 1, 1)",,,,,
14_18_23,1,"(4, 0, 0)",,,,,
14_18_24,1,"(1, 4, 1)",,,,,
14_18_25,1,"(1, 1, 0)",,,,,
14_18_26,1,"(1, 4, 0)",,,,,
14_19_20,1,"(1, 9, 1)",,,,,
14_19_21,1,"(0, 4, 4)",,,,,
14_19_22,1,"(1, 1, 1)",,,,,
14_19_23,1,"(4, 0, 0)",,,,,
14_19_24,3,"(1, 4, 1)","(1, 1, 4)","(4, 1, 1)",,,
14_19_25,1,"(1, 1, 0)",,,,,
14_19_26,2,"(1, 4, 0)","(1, 1, 1)",,,,
14_20_21,1,"(0, 1, 4)",,,,,
14_20_22,1,"(0, 1, 1)",,,,,
14_20_23,1,"(1, 0, 1)",,,,,
14_20_24,1,"(0, 1, 4)",,,,,
14_20_25,1,"(0, 1, 0)",,,,,
14_20_26,1,"(0, 1, 1)",,,,,
14_21_22,1,"(0, 1, 0)",,,,,
14_21_23,1,"(0, 1, 4)",,,,,
14_21_24,2,"(1, 1, 0)","(0, 1, 1)",,,,
14_21_25,1,"(0, 0, 0)",,,,,
14_21_26,1,"(0, 1, 0)",,,,,
14_22_23,1,"(1, 4, 1)",,,,,
14_22_24,1,"(0, 0, 4)",,,,,
14_22_25,1,"(0, 0, 0)",,,,,
14_22_26,1,"(0, 0, 0)",,,,,
14_23_24,1,"(1, 1, 4)",,,,,
14_23_25,1,"(1, 4, 0)",,,,,
14_23_26,1,"(1, 4, 1)",,,,,
14_24_25,1,"(1, 0, 0)",,,,,
14_24_26,1,"(0, 4, 0)",,,,,
14_25_26,1,"(0, 0, 0)",,,,,
15_16_17,1,"(1, 9, 4)",,,,,
15_16_18,1,"(0, 9, 1)",,,,,
15_16_19,1,"(1, 4, 0)",,,,,
15_16_20,1,"(0, 9, 1)",,,,,
15_16_21,1,"(1, 0, 1)",,,,,
15_16_22,1,"(0, 4, 4)",,,,,
15_16_23,1,"(1, 4, 0)",,,,,
15_16_24,1,"(1, 4, 1)",,,,,
15_16_25,1,"(1, 4, 0)",,,,,
15_16_26,1,"(1, 4, 1)",,,,,
15_17_18,1,"(1, 0, 0)",,,,,
15_17_19,1,"(1, 0, 0)",,,,,
15_17_20,1,"(0, 16, 1)",,,,,
15_17_21,1,"(0, 4, 9)",,,,,
15_17_22,1,"(0, 4, 1)",,,,,
15_17_23,1,"(0, 4, 0)",,,,,
15_17_24,1,"(1, 1, 1)",,,,,
15_17_25,1,"(0, 1, 0)",,,,,
15_17_26,1,"(1, 4, 0)",,,,,
15_18_19,1,"(0, 0, 0)",,,,,
15_18_20,1,"(0, 4, 1)",,,,,
15_18_21,1,"(0, 1, 9)",,,,,
15_18_22,1,"(1, 1, 1)",,,,,
15_18_23,1,"(0, 0, 0)",,,,,
15_18_24,1,"(1, 1, 1)",,,,,
15_18_25,1,"(1, 1, 0)",,,,,
15_18_26,1,"(1, 1, 1)",,,,,
15_19_20,1,"(0, 1, 4)",,,,,
15_19_21,1,"(0, 1, 9)",,,,,
15_19_22,1,"(0, 1, 4)",,,,,
15_19_23,1,"(0, 0, 0)",,,,,
15_19_24,1,"(1, 1, 1)",,,,,
15_19_25,1,"(0, 1, 0)",,,,,
15_19_26,1,"(1, 1, 1)",,,,,
15_20_21,1,"(0, 1, 4)",,,,,
15_20_22,1,"(0, 1, 1)",,,,,
15_20_23,1,"(1, 1, 0)",,,,,
15_20_24,1,"(1, 1, 1)",,,,,
15_20_25,1,"(0, 1, 0)",,,,,
15_20_26,2,"(1, 1, 0)","(0, 1, 1)",,,,
15_21_22,1,"(0, 9, 1)",,,,,
15_21_23,1,"(1, 9, 0)",,,,,
15_21_24,1,"(4, 1, 0)",,,,,
15_21_25,1,"(1, 1, 0)",,,,,
15_21_26,1,"(1, 9, 0)",,,,,
15_22_23,2,"(1, 4, 1)","(0, 9, 1)",,,,
15_22_24,1,"(1, 1, 1)",,,,,
15_22_25,1,"(0, 1, 0)",,,,,
15_22_26,1,"(1, 0, 0)",,,,,
15_23_24,1,"(0, 1, 4)",,,,,
15_23_25,1,"(0, 4, 0)",,,,,
15_23_26,1,"(1, 1, 1)",,,,,
15_24_25,1,"(1, 1, 0)",,,,,
15_24_26,1,"(1, 1, 1)",,,,,
15_25_26,1,"(1, 0, 0)",,,,,
16_17_18,1,"(25, 0, 0)",,,,,
16_17_19,1,"(16, 0, 0)",,,,,
16_17_20,1,"(16, 4, 4)",,,,,
16_17_21,1,"(4, 4, 4)",,,,,
16_17_22,1,"(9, 4, 4)",,,,,
16_17_23,1,"(9, 4, 0)",,,,,
16_17_24,1,"(16, 1, 1)",,,,,
16_17_25,1,"(16, 4, 0)",,,,,
16_17_26,1,"(9, 1, 1)",,,,,
16_18_19,1,"(9, 0, 0)",,,,,
16_18_20,1,"(25, 1, 1)",,,,,
16_18_21,1,"(1, 4, 4)",,,,,
16_18_22,1,"(9, 1, 4)",,,,,
16_18_23,1,"(9, 0, 0)",,,,,
16_18_24,1,"(1, 4, 4)",,,,,
16_18_25,1,"(16, 1, 0)",,,,,
16_18_26,1,"(4, 1, 1)",,,,,
16_19_20,1,"(9, 1, 4)",,,,,
16_19_21,1,"(1, 1, 9)",,,,,
16_19_22,1,"(9, 1, 4)",,,,,
16_19_23,1,"(4, 0, 0)",,,,,
16_19_24,1,"(16, 0, 4)",,,,,
16_19_25,1,"(16, 1, 0)",,,,,
16_19_26,1,"(4, 1, 1)",,,,,
16_20_21,1,"(1, 4, 4)",,,,,
16_20_22,1,"(9, 1, 4)",,,,,
16_20_23,1,"(16, 1, 0)",,,,,
16_20_24,2,"(1, 4, 4)","(16, 1, 4)",,,,
16_20_25,1,"(16, 1, 0)",,,,,
16_20_26,1,"(16, 1, 0)",,,,,
16_21_22,1,"(9, 1, 1)",,,,,
16_21_23,1,"(0, 4, 1)",,,,,
16_21_24,1,"(1, 1, 1)",,,,,
16_21_25,1,"(4, 1, 0)",,,,,
16_21_26,1,"(9, 1, 0)",,,,,
16_22_23,1,"(9, 4, 1)",,,,,
16_22_24,1,"(4, 4, 1)",,,,,
16_22_25,2,"(9, 1, 0)","(4, 4, 0)",,,,
16_22_26,1,"(9, 1, 0)",,,,,
16_23_24,1,"(1, 4, 4)",,,,,
16_23_25,1,"(4, 1, 1)",,,,,
16_23_26,1,"(4, 1, 1)",,,,,
16_24_25,1,"(9, 1, 0)",,,,,
16_24_26,1,"(4, 1, 1)",,,,,
16_25_26,1,"(16, 0, 0)",,,,,
17_18_19,1,"(0, 0, 0)",,,,,
17_18_20,1,"(1, 1, 4)",,,,,
17_18_21,1,"(0, 0, 16)",,,,,
17_18_22,1,"(0, 0, 4)",,,,,
17_18_23,1,"(0, 0, 1)",,,,,
17_18_24,1,"(0, 0, 4)",,,,,
17_18_25,1,"(0, 0, 1)",,,,,
17_18_26,1,"(0, 0, 1)",,,,,
17_19_20,1,"(1, 1, 4)",,,,,
17_19_21,1,"(0, 0, 16)",,,,,
17_19_22,1,"(0, 0, 4)",,,,,
17_19_23,1,"(0, 0, 1)",,,,,
17_19_24,1,"(0, 0, 4)",,,,,
17_19_25,1,"(0, 0, 1)",,,,,
17_19_26,1,"(0, 0, 1)",,,,,
17_20_21,1,"(16, 1, 9)",,,,,
17_20_22,1,"(16, 1, 1)",,,,,
17_20_23,1,"(16, 1, 0)",,,,,
17_20_24,1,"(4, 4, 1)",,,,,
17_20_25,2,"(16, 1, 0)","(4, 1, 1)",,,,
17_20_26,1,"(4, 1, 1)",,,,,
17_21_22,1,"(4, 4, 0)",,,,,
17_21_23,1,"(1, 9, 1)",,,,,
17_21_24,1,"(4, 4, 1)",,,,,
17_21_25,1,"(1, 9, 0)",,,,,
17_21_26,1,"(4, 4, 0)",,,,,
17_22_23,1,"(0, 4, 1)",,,,,
17_22_24,1,"(4, 4, 1)",,,,,
17_22_25,1,"(1, 1, 0)",,,,,
17_22_26,1,"(1, 1, 0)",,,,,
17_23_24,1,"(0, 1, 4)",,,,,
17_23_25,1,"(0, 1, 1)",,,,,
17_23_26,1,"(0, 1, 1)",,,,,
17_24_25,1,"(4, 1, 0)",,,,,
17_24_26,1,"(1, 4, 0)",,,,,
17_25_26,1,"(4, 0, 0)",,,,,
18_19_20,1,"(0, 1, 4)",,,,,
18_19_21,1,"(0, 0, 16)",,,,,
18_19_22,1,"(0, 0, 4)",,,,,
18_19_23,1,"(0, 0, 0)",,,,,
18_19_24,1,"(0, 0, 4)",,,,,
18_19_25,1,"(0, 0, 1)",,,,,
18_19_26,1,"(0, 0, 1)",,,,,
18_20_21,1,"(4, 1, 9)",,,,,
18_20_22,1,"(1, 4, 1)",,,,,
18_20_23,1,"(1, 1, 0)",,,,,
18_20_24,1,"(4, 1, 4)",,,,,
18_20_25,1,"(4, 1, 0)",,,,,
18_20_26,1,"(4, 1, 1)",,,,,
18_21_22,1,"(4, 4, 0)",,,,,
18_21_23,1,"(0, 16, 0)",,,,,
18_21_24,1,"(4, 4, 1)",,,,,
18_21_25,1,"(1, 9, 0)",,,,,
18_21_26,1,"(1, 9, 0)",,,,,
18_22_23,1,"(0, 4, 1)",,,,,
18_22_24,1,"(1, 9, 1)",,,,,
18_22_25,1,"(1, 1, 0)",,,,,
18_22_26,1,"(1, 1, 0)",,,,,
18_23_24,1,"(0, 1, 4)",,,,,
18_23_25,1,"(0, 1, 1)",,,,,
18_23_26,1,"(0, 1, 1)",,,,,
18_24_25,1,"(4, 1, 0)",,,,,
18_24_26,1,"(1, 4, 0)",,,,,
18_25_26,2,"(4, 0, 0)","(1, 0, 1)",,,,
19_20_21,1,"(4, 1, 16)",,,,,
19_20_22,1,"(4, 1, 4)",,,,,
19_20_23,1,"(4, 1, 0)",,,,,
19_20_24,1,"(9, 1, 1)",,,,,
19_20_25,1,"(9, 1, 0)",,,,,
19_20_26,1,"(4, 1, 1)",,,,,
19_21_22,1,"(4, 4, 0)",,,,,
19_21_23,1,"(0, 16, 0)",,,,,
19_21_24,1,"(4, 4, 1)",,,,,
19_21_25,1,"(1, 9, 0)",,,,,
19_21_26,1,"(1, 9, 0)",,,,,
19_22_23,1,"(0, 4, 1)",,,,,
19_22_24,1,"(1, 9, 1)",,,,,
19_22_25,1,"(1, 1, 0)",,,,,
19_22_26,1,"(1, 1, 0)",,,,,
19_23_24,1,"(0, 1, 4)",,,,,
19_23_25,1,"(0, 1, 1)",,,,,
19_23_26,1,"(0, 1, 1)",,,,,
19_24_25,1,"(4, 1, 0)",,,,,
19_24_26,1,"(1, 4, 0)",,,,,
19_25_26,2,"(4, 0, 0)","(1, 0, 1)",,,,
20_21_22,1,"(1, 4, 0)",,,,,
20_21_23,1,"(1, 9, 0)",,,,,
20_21_24,1,"(1, 4, 1)",,,,,
20_21_25,1,"(1, 4, 0)",,,,,
20_21_26,1,"(1, 4, 0)",,,,,
20_22_23,1,"(0, 9, 1)",,,,,
20_22_24,1,"(1, 4, 1)",,,,,
20_22_25,1,"(1, 0, 0)",,,,,
20_22_26,1,"(1, 0, 0)",,,,,
20_23_24,1,"(1, 1, 4)",,,,,
20_23_25,1,"(0, 1, 1)",,,,,
20_23_26,1,"(0, 1, 4)",,,,,
20_24_25,1,"(1, 1, 0)",,,,,
20_24_26,1,"(1, 4, 0)",,,,,
20_25_26,1,"(1, 0, 0)",,,,,
21_22_23,1,"(4, 1, 4)",,,,,
21_22_24,1,"(1, 4, 0)",,,,,
21_22_25,1,"(0, 1, 0)",,,,,
21_22_26,1,"(1, 0, 0)",,,,,
21_23_24,1,"(1, 4, 4)",,,,,
21_23_25,1,"(4, 4, 0)",,,,,
21_23_26,1,"(9, 1, 1)",,,,,
21_24_25,1,"(1, 0, 0)",,,,,
21_24_26,1,"(4, 0, 1)",,,,,
21_25_26,1,"(1, 0, 0)",,,,,
22_23_24,3,"(9, 1, 4)","(4, 4, 4)","(9, 4, 1)",,,
22_23_25,1,"(1, 4, 0)",,,,,
22_23_26,1,"(1, 4, 0)",,,,,
22_24_25,1,"(1, 1, 0)",,,,,
22_24_26,1,"(0, 4, 0)",,,,,
22_25_26,1,"(0, 0, 0)",,,,,
23_24_25,1,"(4, 1, 0)",,,,,
23_24_26,1,"(1, 4, 1)",,,,,
23_25_26,1,"(4, 0, 1)",,,,,
24_25_26,1,"(4, 0, 0)",,,,,
