theme_set_id,n,theme_set_pnt_1,theme_set_pnt_2,theme_set_pnt_3,theme_set_pnt_4,theme_set_pnt_5,theme_set_pnt_6
01_02_03,1,"[3, 3, 3]",,,,,
01_02_04,1,"[4, 3, 0]",,,,,
01_02_05,2,"[2, 4, 11]","[3, 3, 11]",,,,
01_02_06,1,"[3, 3, 9]",,,,,
01_02_07,2,"[2, 4, 6]","[3, 3, 6]",,,,
01_02_08,1,"[3, 4, 4]",,,,,
01_02_09,1,"[4, 3, 4]",,,,,
01_02_10,1,"[4, 3, 4]",,,,,
01_02_11,1,"[4, 2, 3]",,,,,
01_02_12,1,"[4, 3, 3]",,,,,
01_02_13,1,"[4, 3, 2]",,,,,
01_02_14,1,"[4, 3, 3]",,,,,
01_02_15,1,"[4, 3, -2]",,,,,
01_02_16,1,"[3, 3, 3]",,,,,
01_02_17,1,"[3, 3, 2]",,,,,
01_02_18,1,"[3, 4, 4]",,,,,
01_02_19,1,"[3, 4, 2]",,,,,
01_02_20,1,"[4, 2, 3]",,,,,
01_02_21,1,"[4, 3, 5]",,,,,
01_02_22,1,"[4, 3, 5]",,,,,
01_02_23,1,"[3, 4, 5]",,,,,
01_02_24,1,"[4, 3, 3]",,,,,
01_02_25,1,"[4, 3, 3]",,,,,
01_02_26,1,"[4, 3, 3]",,,,,
01_03_04,1,"[3, 4, 0]",,,,,
01_03_05,1,"[1, 5, 11]",,,,,
01_03_06,1,"[2, 4, 9]",,,,,
01_03_07,1,"[3, 4, 5]",,,,,
01_03_08,1,"[1, 5, 10]",,,,,
01_03_09,1,"[3, 3, 4]",,,,,
01_03_10,1,"[3, 4, 5]",,,,,
01_03_11,1,"[3, 4, 3]",,,,,
01_03_12,1,"[2, 5, 6]",,,,,
01_03_13,1,"[3, 4, 4]",,,,,
01_03_14,1,"[3, 3, 3]",,,,,
01_03_15,2,"[3, 3, -1]","[3, 4, -2]",,,,
01_03_16,1,"[1, 5, 6]",,,,,
01_03_17,1,"[2, 4, 4]",,,,,
01_03_18,1,"[3, 3, 3]",,,,,
01_03_19,1,"[2, 4, 2]",,,,,
01_03_20,1,"[4, 1, 3]",,,,,
01_03_21,1,"[2, 5, 7]",,,,,
01_03_22,1,"[3, 2, 5]",,,,,
01_03_23,1,"[3, 4, 4]",,,,,
01_03_24,1,"[3, 4, 4]",,,,,
01_03_25,1,"[3, 3, 3]",,,,,
01_03_26,1,"[3, 2, 4]",,,,,
01_04_05,1,"[3, 0, 11]",,,,,
01_04_06,1,"[3, 0, 9]",,,,,
01_04_07,1,"[3, 0, 6]",,,,,
01_04_08,2,"[1, 0, 16]","[2, 0, 9]",,,,
01_04_09,1,"[3, 0, 5]",,,,,
01_04_10,1,"[3, 0, 5]",,,,,
01_04_11,1,"[4, 0, 3]",,,,,
01_04_12,1,"[3, 0, 5]",,,,,
01_04_13,1,"[4, 0, 4]",,,,,
01_04_14,1,"[3, 0, 4]",,,,,
01_04_15,1,"[3, 0, -1]",,,,,
01_04_16,1,"[2, 0, 5]",,,,,
01_04_17,1,"[3, 0, 4]",,,,,
01_04_18,1,"[3, 0, 4]",,,,,
01_04_19,2,"[2, 0, 3]","[3, 0, 2]",,,,
01_04_20,1,"[4, 0, 3]",,,,,
01_04_21,1,"[4, 0, 5]",,,,,
01_04_22,1,"[4, 0, 5]",,,,,
01_04_23,2,"[3, 0, 5]","[4, 0, 4]",,,,
01_04_24,1,"[3, 0, 4]",,,,,
01_04_25,1,"[4, 0, 3]",,,,,
01_04_26,1,"[3, 0, 4]",,,,,
01_05_06,1,"[2, 11, 11]",,,,,
01_05_07,1,"[2, 11, 6]",,,,,
01_05_08,1,"[0, 11, 20]",,,,,
01_05_09,1,"[3, 8, 5]",,,,,
01_05_10,1,"[3, 8, 5]",,,,,
01_05_11,1,"[4, 7, 3]",,,,,
01_05_12,1,"[3, 10, 5]",,,,,
01_05_13,1,"[4, 3, 4]",,,,,
01_05_14,1,"[2, 11, 4]",,,,,
01_05_15,1,"[2, 11, -1]",,,,,
01_05_16,1,"[1, 11, 6]",,,,,
01_05_17,1,"[3, 11, 0]",,,,,
01_05_18,1,"[2, 11, 4]",,,,,
01_05_19,1,"[0, 11, 4]",,,,,
01_05_20,1,"[3, 10, 3]",,,,,
01_05_21,1,"[3, 11, 6]",,,,,
01_05_22,1,"[4, 8, 5]",,,,,
01_05_23,1,"[3, 10, 5]",,,,,
01_05_24,1,"[3, 8, 4]",,,,,
01_05_25,1,"[4, 8, 3]",,,,,
01_05_26,1,"[3, 8, 4]",,,,,
01_06_07,1,"[2, 11, 6]",,,,,
01_06_08,1,"[2, 11, 4]",,,,,
01_06_09,1,"[3, 9, 4]",,,,,
01_06_10,1,"[2, 10, 6]",,,,,
01_06_11,1,"[3, 8, 3]",,,,,
01_06_12,1,"[3, 7, 5]",,,,,
01_06_13,1,"[2, 11, 4]",,,,,
01_06_14,1,"[3, 9, 3]",,,,,
01_06_15,1,"[3, 8, -1]",,,,,
01_06_16,1,"[2, 11, 4]",,,,,
01_06_17,1,"[2, 8, 4]",,,,,
01_06_18,1,"[3, 9, 3]",,,,,
01_06_19,1,"[2, 9, 2]",,,,,
01_06_20,1,"[3, 9, 3]",,,,,
01_06_21,1,"[2, 11, 7]",,,,,
01_06_22,1,"[3, 8, 5]",,,,,
01_06_23,1,"[2, 11, 5]",,,,,
01_06_24,1,"[3, 9, 3]",,,,,
01_06_25,2,"[2, 10, 3]","[3, 8, 3]",,,,
01_06_26,1,"[3, 8, 3]",,,,,
01_07_08,1,"[1, 6, 12]",,,,,
01_07_09,1,"[4, 5, 4]",,,,,
01_07_10,1,"[2, 6, 5]",,,,,
01_07_11,1,"[3, 5, 3]",,,,,
01_07_12,1,"[3, 5, 5]",,,,,
01_07_13,1,"[2, 6, 4]",,,,,
01_07_14,1,"[4, 5, 3]",,,,,
01_07_15,1,"[2, 6, -1]",,,,,
01_07_16,1,"[3, 6, 2]",,,,,
01_07_17,1,"[3, 6, 2]",,,,,
01_07_18,1,"[3, 6, 3]",,,,,
01_07_19,1,"[2, 6, 3]",,,,,
01_07_20,2,"[4, 4, 3]","[4, 5, 2]",,,,
01_07_21,1,"[3, 6, 5]",,,,,
01_07_22,1,"[4, 5, 4]",,,,,
01_07_23,1,"[3, 6, 5]",,,,,
01_07_24,1,"[4, 5, 3]",,,,,
01_07_25,2,"[4, 4, 3]","[4, 5, 2]",,,,
01_07_26,1,"[3, 5, 3]",,,,,
01_08_09,1,"[3, 0, 5]",,,,,
01_08_10,1,"[1, 12, 6]",,,,,
01_08_11,1,"[4, 0, 3]",,,,,
01_08_12,1,"[1, 10, 6]",,,,,
01_08_13,1,"[1, 12, 4]",,,,,
01_08_14,1,"[3, 0, 4]",,,,,
01_08_15,1,"[2, 8, -1]",,,,,
01_08_16,1,"[0, 18, 6]",,,,,
01_08_17,1,"[1, 8, 8]",,,,,
01_08_18,1,"[2, 9, 4]",,,,,
01_08_19,1,"[1, 16, 4]",,,,,
01_08_20,1,"[4, 0, 3]",,,,,
01_08_21,1,"[1, 12, 6]",,,,,
01_08_22,1,"[3, 0, 6]",,,,,
01_08_23,1,"[1, 16, 5]",,,,,
01_08_24,1,"[2, 6, 4]",,,,,
01_08_25,1,"[3, 2, 3]",,,,,
01_08_26,1,"[2, 6, 4]",,,,,
01_09_10,1,"[3, 5, 4]",,,,,
01_09_11,1,"[3, 5, 3]",,,,,
01_09_12,1,"[3, 5, 3]",,,,,
01_09_13,1,"[4, 4, 4]",,,,,
01_09_14,1,"[3, 5, 4]",,,,,
01_09_15,1,"[4, 4, -2]",,,,,
01_09_16,1,"[3, 5, 0]",,,,,
01_09_17,1,"[3, 5, 0]",,,,,
01_09_18,1,"[3, 5, 2]",,,,,
01_09_19,1,"[3, 5, 0]",,,,,
01_09_20,1,"[4, 4, 3]",,,,,
01_09_21,1,"[3, 5, 6]",,,,,
01_09_22,1,"[3, 5, 5]",,,,,
01_09_23,1,"[4, 4, 4]",,,,,
01_09_24,1,"[3, 5, 3]",,,,,
01_09_25,1,"[3, 5, 3]",,,,,
01_09_26,1,"[2, 5, 4]",,,,,
01_10_11,1,"[4, 3, 3]",,,,,
01_10_12,1,"[3, 5, 5]",,,,,
01_10_13,1,"[2, 6, 4]",,,,,
01_10_14,1,"[3, 5, 3]",,,,,
01_10_15,3,"[4, 3, -3]","[4, 4, -4]","[4, 2, -2]",,,
01_10_16,1,"[2, 5, 4]",,,,,
01_10_17,1,"[3, 5, 0]",,,,,
01_10_18,1,"[3, 5, 3]",,,,,
01_10_19,1,"[2, 5, 3]",,,,,
01_10_20,1,"[3, 5, 3]",,,,,
01_10_21,2,"[1, 6, 8]","[2, 6, 7]",,,,
01_10_22,1,"[3, 5, 5]",,,,,
01_10_23,1,"[3, 5, 5]",,,,,
01_10_24,2,"[2, 5, 4]","[3, 4, 4]",,,,
01_10_25,3,"[2, 5, 3]","[3, 4, 3]","[4, 3, 3]",,,
01_10_26,2,"[3, 4, 4]","[3, 5, 3]",,,,
01_11_12,1,"[3, 3, 5]",,,,,
01_11_13,1,"[4, 3, 2]",,,,,
01_11_14,1,"[4, 3, 3]",,,,,
01_11_15,1,"[3, 3, -1]",,,,,
01_11_16,1,"[4, 3, 0]",,,,,
01_11_17,1,"[3, 3, 4]",,,,,
01_11_18,1,"[4, 3, 2]",,,,,
01_11_19,1,"[3, 3, 2]",,,,,
01_11_20,1,"[4, 2, 2]",,,,,
01_11_21,1,"[4, 3, 5]",,,,,
01_11_22,1,"[4, 3, 5]",,,,,
01_11_23,1,"[4, 3, 3]",,,,,
01_11_24,1,"[3, 3, 4]",,,,,
01_11_25,1,"[4, 3, 3]",,,,,
01_11_26,1,"[3, 3, 4]",,,,,
01_12_13,1,"[3, 5, 4]",,,,,
01_12_14,1,"[3, 4, 3]",,,,,
01_12_15,1,"[3, 5, -2]",,,,,
01_12_16,1,"[2, 6, 4]",,,,,
01_12_17,1,"[2, 5, 4]",,,,,
01_12_18,1,"[3, 4, 3]",,,,,
01_12_19,1,"[2, 5, 2]",,,,,
01_12_20,1,"[4, 2, 3]",,,,,
01_12_21,1,"[2, 6, 7]",,,,,
01_12_22,1,"[3, 3, 5]",,,,,
01_12_23,1,"[3, 5, 4]",,,,,
01_12_24,1,"[3, 5, 4]",,,,,
01_12_25,1,"[3, 4, 3]",,,,,
01_12_26,2,"[3, 4, 3]","[3, 3, 4]",,,,
01_13_14,1,"[3, 4, 3]",,,,,
01_13_15,2,"[4, 3, -3]","[4, 2, -2]",,,,
01_13_16,1,"[3, 4, 2]",,,,,
01_13_17,1,"[3, 4, 1]",,,,,
01_13_18,1,"[3, 4, 2]",,,,,
01_13_19,1,"[2, 4, 2]",,,,,
01_13_20,1,"[4, 4, 1]",,,,,
01_13_21,1,"[1, 5, 8]",,,,,
01_13_22,1,"[4, 4, 3]",,,,,
01_13_23,1,"[4, 4, 4]",,,,,
01_13_24,1,"[4, 4, 3]",,,,,
01_13_25,1,"[4, 3, 3]",,,,,
01_13_26,1,"[2, 4, 4]",,,,,
01_14_15,1,"[4, 3, -2]",,,,,
01_14_16,1,"[3, 4, 0]",,,,,
01_14_17,1,"[3, 4, 0]",,,,,
01_14_18,2,"[3, 4, 2]","[3, 3, 3]",,,,
01_14_19,1,"[3, 4, 0]",,,,,
01_14_20,2,"[4, 3, 2]","[4, 2, 3]",,,,
01_14_21,1,"[3, 4, 6]",,,,,
01_14_22,1,"[2, 4, 6]",,,,,
01_14_23,1,"[4, 3, 4]",,,,,
01_14_24,1,"[3, 3, 4]",,,,,
01_14_25,1,"[3, 4, 3]",,,,,
01_14_26,1,"[2, 4, 4]",,,,,
01_15_16,1,"[2, -1, 5]",,,,,
01_15_17,1,"[3, -1, 2]",,,,,
01_15_18,1,"[3, -1, 3]",,,,,
01_15_19,1,"[2, -1, 3]",,,,,
01_15_20,2,"[4, -2, 2]","[4, -3, 3]",,,,
01_15_21,1,"[3, -1, 6]",,,,,
01_15_22,1,"[3, -1, 5]",,,,,
01_15_23,1,"[2, -1, 5]",,,,,
01_15_24,1,"[3, -2, 4]",,,,,
01_15_25,1,"[3, -1, 3]",,,,,
01_15_26,1,"[3, -1, 3]",,,,,
01_16_17,1,"[1, 3, 6]",,,,,
01_16_18,1,"[2, 3, 4]",,,,,
01_16_19,1,"[1, 5, 3]",,,,,
01_16_20,1,"[4, 0, 3]",,,,,
01_16_21,1,"[0, 7, 8]",,,,,
01_16_22,1,"[3, 0, 6]",,,,,
01_16_23,1,"[3, 3, 5]",,,,,
01_16_24,1,"[2, 4, 4]",,,,,
01_16_25,1,"[3, 2, 3]",,,,,
01_16_26,1,"[3, 2, 4]",,,,,
01_17_18,1,"[1, 8, 4]",,,,,
01_17_19,1,"[1, 8, 4]",,,,,
01_17_20,1,"[4, 0, 3]",,,,,
01_17_21,1,"[2, 4, 5]",,,,,
01_17_22,1,"[3, 0, 6]",,,,,
01_17_23,1,"[3, 2, 5]",,,,,
01_17_24,1,"[3, 2, 4]",,,,,
01_17_25,2,"[2, 4, 3]","[3, 2, 3]",,,,
01_17_26,2,"[2, 4, 4]","[3, 2, 4]",,,,
01_18_19,2,"[1, 4, 4]","[2, 4, 3]",,,,
01_18_20,1,"[4, 2, 2]",,,,,
01_18_21,1,"[3, 3, 5]",,,,,
01_18_22,2,"[3, 3, 5]","[4, 2, 5]",,,,
01_18_23,1,"[3, 4, 5]",,,,,
01_18_24,1,"[3, 3, 4]",,,,,
01_18_25,2,"[3, 3, 3]","[4, 2, 3]",,,,
01_18_26,1,"[3, 2, 4]",,,,,
01_19_20,1,"[4, 0, 3]",,,,,
01_19_21,1,"[2, 2, 5]",,,,,
01_19_22,1,"[3, 0, 6]",,,,,
01_19_23,1,"[2, 3, 5]",,,,,
01_19_24,1,"[3, 1, 4]",,,,,
01_19_25,1,"[3, 1, 3]",,,,,
01_19_26,1,"[3, 1, 4]",,,,,
01_20_21,1,"[4, 2, 5]",,,,,
01_20_22,1,"[4, 2, 4]",,,,,
01_20_23,1,"[4, 3, 4]",,,,,
01_20_24,2,"[4, 2, 3]","[4, 3, 2]",,,,
01_20_25,1,"[4, 2, 3]",,,,,
01_20_26,2,"[4, 3, 2]","[4, 2, 3]",,,,
01_21_22,1,"[3, 6, 6]",,,,,
01_21_23,1,"[3, 5, 5]",,,,,
01_21_24,1,"[2, 7, 5]",,,,,
01_21_25,1,"[4, 5, 3]",,,,,
01_21_26,1,"[3, 6, 4]",,,,,
01_22_23,1,"[4, 4, 4]",,,,,
01_22_24,1,"[3, 5, 3]",,,,,
01_22_25,1,"[4, 5, 3]",,,,,
01_22_26,1,"[3, 6, 4]",,,,,
01_23_24,1,"[4, 4, 3]",,,,,
01_23_25,1,"[4, 3, 3]",,,,,
01_23_26,2,"[3, 4, 3]","[4, 3, 3]",,,,
01_24_25,1,"[3, 4, 3]",,,,,
01_24_26,1,"[3, 3, 4]",,,,,
01_25_26,1,"[3, 3, 4]",,,,,
02_03_04,2,"[2, 4, 0]","[3, 3, 0]",,,,
02_03_05,1,"[2, 4, 11]",,,,,
02_03_06,1,"[3, 2, 11]",,,,,
02_03_07,2,"[3, 2, 6]","[4, 1, 6]",,,,
02_03_08,1,"[0, 5, 12]",,,,,
02_03_09,1,"[2, 3, 4]",,,,,
02_03_10,1,"[2, 4, 5]",,,,,
02_03_11,1,"[2, 4, 3]",,,,,
02_03_12,1,"[1, 5, 6]",,,,,
02_03_13,1,"[1, 5, 4]",,,,,
02_03_14,1,"[2, 3, 3]",,,,,
02_03_15,1,"[3, 2, -1]",,,,,
02_03_16,1,"[0, 5, 7]",,,,,
02_03_17,1,"[0, 4, 6]",,,,,
02_03_18,1,"[4, 1, 4]",,,,,
02_03_19,1,"[0, 4, 3]",,,,,
02_03_20,1,"[2, 4, 2]",,,,,
02_03_21,1,"[1, 5, 8]",,,,,
02_03_22,1,"[3, 3, 3]",,,,,
02_03_23,2,"[3, 2, 5]","[4, 1, 5]",,,,
02_03_24,1,"[2, 4, 4]",,,,,
02_03_25,1,"[3, 2, 3]",,,,,
02_03_26,1,"[2, 3, 3]",,,,,
02_04_05,1,"[4, 0, 11]",,,,,
02_04_06,1,"[3, 0, 11]",,,,,
02_04_07,1,"[4, 0, 6]",,,,,
02_04_08,1,"[4, 0, 6]",,,,,
02_04_09,2,"[2, 0, 5]","[3, 0, 4]",,,,
02_04_10,1,"[3, 0, 5]",,,,,
02_04_11,1,"[3, 0, 3]",,,,,
02_04_12,1,"[3, 0, 4]",,,,,
02_04_13,1,"[3, 0, 4]",,,,,
02_04_14,1,"[2, 0, 4]",,,,,
02_04_15,1,"[3, 0, -1]",,,,,
02_04_16,2,"[3, 0, 4]","[4, 0, 3]",,,,
02_04_17,1,"[3, 0, 4]",,,,,
02_04_18,1,"[4, 0, 4]",,,,,
02_04_19,1,"[4, 0, 2]",,,,,
02_04_20,1,"[4, 0, 2]",,,,,
02_04_21,1,"[3, 0, 6]",,,,,
02_04_22,1,"[3, 0, 5]",,,,,
02_04_23,1,"[4, 0, 5]",,,,,
02_04_24,1,"[3, 0, 4]",,,,,
02_04_25,1,"[3, 0, 3]",,,,,
02_04_26,2,"[2, 0, 4]","[3, 0, 3]",,,,
02_05_06,1,"[3, 11, 11]",,,,,
02_05_07,1,"[3, 11, 6]",,,,,
02_05_08,1,"[4, 11, 6]",,,,,
02_05_09,1,"[4, 11, 2]",,,,,
02_05_10,1,"[4, 11, 3]",,,,,
02_05_11,1,"[4, 11, 0]",,,,,
02_05_12,1,"[4, 11, 1]",,,,,
02_05_13,1,"[4, 11, 2]",,,,,
02_05_14,1,"[2, 11, 4]",,,,,
02_05_15,1,"[3, 11, -1]",,,,,
02_05_16,2,"[3, 11, 4]","[4, 11, 3]",,,,
02_05_17,1,"[4, 11, 0]",,,,,
02_05_18,1,"[4, 11, 4]",,,,,
02_05_19,1,"[4, 11, 2]",,,,,
02_05_20,1,"[3, 11, 2]",,,,,
02_05_21,1,"[3, 11, 6]",,,,,
02_05_22,1,"[4, 11, 3]",,,,,
02_05_23,1,"[4, 11, 5]",,,,,
02_05_24,1,"[4, 11, 1]",,,,,
02_05_25,1,"[4, 11, 1]",,,,,
02_05_26,1,"[4, 11, 2]",,,,,
02_06_07,1,"[3, 11, 6]",,,,,
02_06_08,1,"[1, 11, 8]",,,,,
02_06_09,1,"[3, 11, 2]",,,,,
02_06_10,1,"[3, 11, 5]",,,,,
02_06_11,1,"[3, 11, 1]",,,,,
02_06_12,1,"[3, 11, 2]",,,,,
02_06_13,2,"[2, 11, 4]","[3, 11, 3]",,,,
02_06_14,2,"[2, 11, 3]","[3, 11, 2]",,,,
02_06_15,1,"[3, 11, -3]",,,,,
02_06_16,2,"[2, 11, 4]","[3, 11, 3]",,,,
02_06_17,1,"[3, 11, 1]",,,,,
02_06_18,1,"[4, 9, 4]",,,,,
02_06_19,1,"[0, 11, 3]",,,,,
02_06_20,1,"[3, 11, 2]",,,,,
02_06_21,1,"[3, 11, 6]",,,,,
02_06_22,1,"[3, 9, 4]",,,,,
02_06_23,1,"[3, 11, 5]",,,,,
02_06_24,1,"[3, 11, 2]",,,,,
02_06_25,1,"[3, 10, 2]",,,,,
02_06_26,1,"[4, 9, 2]",,,,,
02_07_08,1,"[4, 6, 4]",,,,,
02_07_09,2,"[4, 6, 2]","[3, 6, 3]",,,,
02_07_10,1,"[4, 6, 4]",,,,,
02_07_11,1,"[3, 6, 2]",,,,,
02_07_12,1,"[4, 6, 1]",,,,,
02_07_13,1,"[3, 6, 3]",,,,,
02_07_14,1,"[4, 6, 2]",,,,,
02_07_15,1,"[3, 6, -2]",,,,,
02_07_16,1,"[3, 6, 3]",,,,,
02_07_17,1,"[4, 6, 2]",,,,,
02_07_18,1,"[4, 6, 4]",,,,,
02_07_19,1,"[4, 6, 2]",,,,,
02_07_20,1,"[3, 6, 2]",,,,,
02_07_21,1,"[3, 6, 6]",,,,,
02_07_22,1,"[4, 6, 3]",,,,,
02_07_23,1,"[4, 6, 5]",,,,,
02_07_24,1,"[4, 6, 1]",,,,,
02_07_25,1,"[4, 6, 1]",,,,,
02_07_26,1,"[4, 6, 2]",,,,,
02_08_09,1,"[4, 4, 3]",,,,,
02_08_10,1,"[0, 16, 6]",,,,,
02_08_11,1,"[0, 9, 3]",,,,,
02_08_12,1,"[0, 10, 6]",,,,,
02_08_13,1,"[0, 10, 5]",,,,,
02_08_14,1,"[1, 6, 3]",,,,,
02_08_15,1,"[1, 8, -1]",,,,,
02_08_16,2,"[0, 20, 5]","[0, 18, 6]",,,,
02_08_17,1,"[0, 12, 8]",,,,,
02_08_18,2,"[0, 16, 4]","[4, 6, 4]",,,,
02_08_19,1,"[0, 20, 4]",,,,,
02_08_20,1,"[4, 6, 2]",,,,,
02_08_21,1,"[0, 14, 7]",,,,,
02_08_22,1,"[1, 6, 5]",,,,,
02_08_23,1,"[4, 6, 5]",,,,,
02_08_24,1,"[0, 12, 4]",,,,,
02_08_25,1,"[1, 6, 3]",,,,,
02_08_26,1,"[1, 6, 4]",,,,,
02_09_10,2,"[2, 4, 5]","[3, 3, 5]",,,,
02_09_11,1,"[3, 4, 3]",,,,,
02_09_12,1,"[2, 4, 4]",,,,,
02_09_13,1,"[2, 4, 4]",,,,,
02_09_14,1,"[2, 5, 4]",,,,,
02_09_15,1,"[3, 4, -2]",,,,,
02_09_16,1,"[3, 3, 3]",,,,,
02_09_17,1,"[3, 4, 2]",,,,,
02_09_18,1,"[4, 3, 4]",,,,,
02_09_19,1,"[4, 3, 2]",,,,,
02_09_20,1,"[3, 4, 2]",,,,,
02_09_21,1,"[2, 5, 6]",,,,,
02_09_22,1,"[2, 5, 5]",,,,,
02_09_23,1,"[4, 3, 5]",,,,,
02_09_24,1,"[2, 4, 4]",,,,,
02_09_25,2,"[2, 5, 3]","[3, 4, 3]",,,,
02_09_26,1,"[1, 5, 4]",,,,,
02_10_11,1,"[3, 4, 2]",,,,,
02_10_12,1,"[2, 5, 5]",,,,,
02_10_13,1,"[1, 6, 4]",,,,,
02_10_14,1,"[3, 5, 3]",,,,,
02_10_15,2,"[4, 3, -3]","[4, 4, -4]",,,,
02_10_16,2,"[1, 5, 5]","[2, 5, 4]",,,,
02_10_17,1,"[2, 5, 2]",,,,,
02_10_18,1,"[4, 4, 4]",,,,,
02_10_19,1,"[1, 5, 3]",,,,,
02_10_20,1,"[2, 5, 3]",,,,,
02_10_21,1,"[0, 6, 8]",,,,,
02_10_22,1,"[3, 4, 5]",,,,,
02_10_23,1,"[3, 5, 5]",,,,,
02_10_24,1,"[1, 5, 4]",,,,,
02_10_25,2,"[2, 5, 3]","[3, 4, 3]",,,,
02_10_26,1,"[2, 5, 3]",,,,,
02_11_12,1,"[2, 3, 5]",,,,,
02_11_13,1,"[3, 2, 3]",,,,,
02_11_14,1,"[3, 3, 3]",,,,,
02_11_15,1,"[2, 3, -1]",,,,,
02_11_16,1,"[0, 3, 4]",,,,,
02_11_17,2,"[1, 3, 6]","[2, 3, 4]",,,,
02_11_18,1,"[4, 1, 4]",,,,,
02_11_19,1,"[1, 3, 3]",,,,,
02_11_20,1,"[3, 2, 2]",,,,,
02_11_21,1,"[3, 3, 5]",,,,,
02_11_22,1,"[3, 3, 5]",,,,,
02_11_23,1,"[4, 1, 5]",,,,,
02_11_24,2,"[1, 3, 5]","[2, 3, 4]",,,,
02_11_25,1,"[3, 3, 3]",,,,,
02_11_26,1,"[2, 3, 4]",,,,,
02_12_13,1,"[1, 5, 4]",,,,,
02_12_14,1,"[2, 4, 3]",,,,,
02_12_15,1,"[3, 3, -1]",,,,,
02_12_16,1,"[0, 6, 5]",,,,,
02_12_17,1,"[0, 5, 6]",,,,,
02_12_18,1,"[4, 2, 4]",,,,,
02_12_19,1,"[0, 5, 3]",,,,,
02_12_20,1,"[2, 5, 2]",,,,,
02_12_21,1,"[1, 5, 8]",,,,,
02_12_22,1,"[3, 3, 4]",,,,,
02_12_23,1,"[4, 2, 5]",,,,,
02_12_24,1,"[2, 5, 4]",,,,,
02_12_25,1,"[3, 3, 3]",,,,,
02_12_26,1,"[3, 4, 2]",,,,,
02_13_14,2,"[2, 4, 3]","[3, 3, 3]",,,,
02_13_15,1,"[4, 2, -3]",,,,,
02_13_16,1,"[3, 4, 3]",,,,,
02_13_17,1,"[3, 3, 2]",,,,,
02_13_18,1,"[4, 2, 4]",,,,,
02_13_19,1,"[3, 4, 2]",,,,,
02_13_20,1,"[3, 3, 2]",,,,,
02_13_21,1,"[1, 5, 8]",,,,,
02_13_22,1,"[1, 4, 6]",,,,,
02_13_23,1,"[3, 4, 5]",,,,,
02_13_24,1,"[2, 3, 4]",,,,,
02_13_25,1,"[3, 3, 3]",,,,,
02_13_26,1,"[1, 4, 4]",,,,,
02_14_15,1,"[3, 3, -2]",,,,,
02_14_16,1,"[3, 3, 3]",,,,,
02_14_17,1,"[3, 3, 2]",,,,,
02_14_18,1,"[4, 2, 4]",,,,,
02_14_19,1,"[4, 2, 2]",,,,,
02_14_20,2,"[2, 4, 2]","[3, 3, 2]",,,,
02_14_21,1,"[2, 4, 7]",,,,,
02_14_22,1,"[2, 4, 5]",,,,,
02_14_23,1,"[4, 2, 5]",,,,,
02_14_24,1,"[2, 3, 4]",,,,,
02_14_25,1,"[2, 4, 3]",,,,,
02_14_26,1,"[1, 4, 4]",,,,,
02_15_16,1,"[3, -1, 4]",,,,,
02_15_17,1,"[0, -1, 6]",,,,,
02_15_18,1,"[4, -3, 4]",,,,,
02_15_19,1,"[0, -1, 4]",,,,,
02_15_20,1,"[3, -1, 2]",,,,,
02_15_21,1,"[3, -1, 6]",,,,,
02_15_22,2,"[2, -1, 5]","[3, -2, 5]",,,,
02_15_23,1,"[4, -3, 5]",,,,,
02_15_24,1,"[3, -1, 3]",,,,,
02_15_25,1,"[3, -1, 3]",,,,,
02_15_26,3,"[2, -1, 3]","[3, -2, 3]","[3, -1, 2]",,,
02_16_17,1,"[0, 4, 6]",,,,,
02_16_18,1,"[4, 3, 4]",,,,,
02_16_19,1,"[0, 5, 4]",,,,,
02_16_20,2,"[3, 3, 2]","[4, 2, 2]",,,,
02_16_21,1,"[0, 7, 8]",,,,,
02_16_22,1,"[1, 4, 5]",,,,,
02_16_23,1,"[4, 3, 5]",,,,,
02_16_24,1,"[1, 4, 4]",,,,,
02_16_25,1,"[3, 3, 3]",,,,,
02_16_26,1,"[1, 4, 4]",,,,,
02_17_18,1,"[0, 8, 4]",,,,,
02_17_19,1,"[0, 8, 4]",,,,,
02_17_20,1,"[3, 2, 2]",,,,,
02_17_21,1,"[3, 2, 6]",,,,,
02_17_22,1,"[3, 4, 4]",,,,,
02_17_23,1,"[4, 2, 5]",,,,,
02_17_24,1,"[1, 4, 4]",,,,,
02_17_25,1,"[3, 2, 3]",,,,,
02_17_26,1,"[1, 4, 4]",,,,,
02_18_19,1,"[0, 4, 4]",,,,,
02_18_20,2,"[4, 3, 2]","[4, 4, 1]",,,,
02_18_21,1,"[4, 4, 5]",,,,,
02_18_22,1,"[4, 4, 3]",,,,,
02_18_23,1,"[4, 4, 5]",,,,,
02_18_24,1,"[4, 4, 2]",,,,,
02_18_25,1,"[4, 4, 1]",,,,,
02_18_26,1,"[4, 4, 2]",,,,,
02_19_20,1,"[4, 2, 2]",,,,,
02_19_21,1,"[4, 2, 5]",,,,,
02_19_22,1,"[3, 2, 4]",,,,,
02_19_23,1,"[4, 2, 5]",,,,,
02_19_24,1,"[1, 2, 4]",,,,,
02_19_25,2,"[0, 3, 3]","[1, 2, 3]",,,,
02_19_26,2,"[0, 3, 4]","[1, 2, 4]",,,,
02_20_21,1,"[3, 2, 6]",,,,,
02_20_22,1,"[2, 2, 6]",,,,,
02_20_23,1,"[4, 2, 5]",,,,,
02_20_24,1,"[3, 2, 3]",,,,,
02_20_25,1,"[3, 2, 3]",,,,,
02_20_26,1,"[3, 2, 3]",,,,,
02_21_22,1,"[2, 7, 6]",,,,,
02_21_23,1,"[3, 6, 5]",,,,,
02_21_24,2,"[0, 8, 5]","[1, 7, 5]",,,,
02_21_25,1,"[3, 6, 3]",,,,,
02_21_26,1,"[2, 7, 4]",,,,,
02_22_23,1,"[4, 3, 5]",,,,,
02_22_24,2,"[2, 4, 4]","[3, 4, 3]",,,,
02_22_25,1,"[3, 5, 3]",,,,,
02_22_26,1,"[2, 6, 4]",,,,,
02_23_24,1,"[4, 5, 2]",,,,,
02_23_25,1,"[4, 5, 1]",,,,,
02_23_26,1,"[4, 5, 2]",,,,,
02_24_25,2,"[2, 4, 3]","[3, 3, 3]",,,,
02_24_26,1,"[2, 3, 3]",,,,,
02_25_26,1,"[2, 3, 4]",,,,,
03_04_05,1,"[5, 0, 11]",,,,,
03_04_06,1,"[5, 0, 8]",,,,,
03_04_07,1,"[5, 0, 5]",,,,,
03_04_08,1,"[4, 0, 18]",,,,,
03_04_09,1,"[4, 0, 4]",,,,,
03_04_10,1,"[5, 0, 5]",,,,,
03_04_11,1,"[5, 0, 3]",,,,,
03_04_12,1,"[5, 0, 6]",,,,,
03_04_13,1,"[5, 0, 4]",,,,,
03_04_14,1,"[4, 0, 3]",,,,,
03_04_15,1,"[4, 0, -2]",,,,,
03_04_16,1,"[5, 0, 7]",,,,,
03_04_17,1,"[4, 0, 6]",,,,,
03_04_18,1,"[4, 0, 3]",,,,,
03_04_19,1,"[4, 0, 3]",,,,,
03_04_20,1,"[4, 0, 2]",,,,,
03_04_21,1,"[5, 0, 9]",,,,,
03_04_22,2,"[4, 0, 4]","[5, 0, 3]",,,,
03_04_23,2,"[4, 0, 5]","[5, 0, 4]",,,,
03_04_24,1,"[5, 0, 4]",,,,,
03_04_25,1,"[4, 0, 3]",,,,,
03_04_26,1,"[4, 0, 3]",,,,,
03_05_06,2,"[3, 11, 10]","[4, 11, 9]",,,,
03_05_07,1,"[3, 11, 6]",,,,,
03_05_08,1,"[4, 11, 18]",,,,,
03_05_09,1,"[3, 11, 4]",,,,,
03_05_10,1,"[5, 8, 5]",,,,,
03_05_11,1,"[5, 8, 2]",,,,,
03_05_12,1,"[5, 8, 6]",,,,,
03_05_13,1,"[5, 10, 3]",,,,,
03_05_14,1,"[4, 11, 3]",,,,,
03_05_15,1,"[4, 11, -2]",,,,,
03_05_16,1,"[5, 11, 6]",,,,,
03_05_17,1,"[5, 11, 0]",,,,,
03_05_18,1,"[2, 11, 4]",,,,,
03_05_19,1,"[4, 11, 3]",,,,,
03_05_20,1,"[4, 11, 2]",,,,,
03_05_21,1,"[5, 10, 9]",,,,,
03_05_22,1,"[5, 11, 1]",,,,,
03_05_23,1,"[4, 11, 5]",,,,,
03_05_24,1,"[5, 7, 4]",,,,,
03_05_25,1,"[5, 11, 1]",,,,,
03_05_26,1,"[5, 11, 0]",,,,,
03_06_07,1,"[3, 10, 6]",,,,,
03_06_08,1,"[4, 9, 18]",,,,,
03_06_09,1,"[3, 10, 4]",,,,,
03_06_10,1,"[3, 10, 6]",,,,,
03_06_11,1,"[5, 5, 3]",,,,,
03_06_12,1,"[5, 6, 6]",,,,,
03_06_13,1,"[4, 9, 5]",,,,,
03_06_14,1,"[3, 10, 4]",,,,,
03_06_15,1,"[4, 9, -2]",,,,,
03_06_16,1,"[5, 8, 6]",,,,,
03_06_17,1,"[4, 8, 6]",,,,,
03_06_18,1,"[3, 10, 3]",,,,,
03_06_19,1,"[4, 9, 3]",,,,,
03_06_20,1,"[4, 9, 2]",,,,,
03_06_21,2,"[5, 6, 9]","[5, 8, 8]",,,,
03_06_22,1,"[3, 9, 4]",,,,,
03_06_23,1,"[3, 10, 5]",,,,,
03_06_24,1,"[4, 8, 4]",,,,,
03_06_25,1,"[4, 8, 3]",,,,,
03_06_26,1,"[3, 9, 2]",,,,,
03_07_08,1,"[4, 6, 15]",,,,,
03_07_09,1,"[4, 5, 3]",,,,,
03_07_10,1,"[4, 6, 5]",,,,,
03_07_11,1,"[4, 5, 3]",,,,,
03_07_12,1,"[5, 5, 6]",,,,,
03_07_13,1,"[5, 4, 4]",,,,,
03_07_14,1,"[4, 5, 2]",,,,,
03_07_15,1,"[4, 6, -2]",,,,,
03_07_16,1,"[5, 4, 6]",,,,,
03_07_17,1,"[4, 5, 6]",,,,,
03_07_18,1,"[2, 6, 4]",,,,,
03_07_19,2,"[3, 6, 4]","[4, 6, 3]",,,,
03_07_20,1,"[4, 5, 2]",,,,,
03_07_21,2,"[5, 4, 8]","[5, 5, 7]",,,,
03_07_22,1,"[5, 5, 0]",,,,,
03_07_23,1,"[4, 6, 5]",,,,,
03_07_24,1,"[5, 2, 4]",,,,,
03_07_25,1,"[4, 4, 2]",,,,,
03_07_26,1,"[4, 4, 2]",,,,,
03_08_09,1,"[5, 10, 2]",,,,,
03_08_10,1,"[4, 18, 5]",,,,,
03_08_11,1,"[5, 3, 3]",,,,,
03_08_12,1,"[5, 10, 6]",,,,,
03_08_13,1,"[4, 18, 4]",,,,,
03_08_14,1,"[5, 12, 1]",,,,,
03_08_15,1,"[4, 15, -2]",,,,,
03_08_16,1,"[4, 14, 7]",,,,,
03_08_17,1,"[4, 12, 6]",,,,,
03_08_18,1,"[4, 15, 3]",,,,,
03_08_19,1,"[3, 20, 4]",,,,,
03_08_20,1,"[5, 6, 1]",,,,,
03_08_21,1,"[5, 12, 7]",,,,,
03_08_22,1,"[4, 10, 3]",,,,,
03_08_23,2,"[3, 20, 5]","[4, 18, 5]",,,,
03_08_24,1,"[4, 10, 4]",,,,,
03_08_25,1,"[4, 10, 2]",,,,,
03_08_26,1,"[3, 15, 3]",,,,,
03_09_10,1,"[4, 4, 5]",,,,,
03_09_11,1,"[4, 4, 3]",,,,,
03_09_12,1,"[5, 3, 6]",,,,,
03_09_13,1,"[4, 4, 4]",,,,,
03_09_14,1,"[2, 5, 4]",,,,,
03_09_15,1,"[4, 4, -2]",,,,,
03_09_16,1,"[5, 3, 5]",,,,,
03_09_17,1,"[4, 3, 4]",,,,,
03_09_18,1,"[4, 3, 2]",,,,,
03_09_19,1,"[4, 3, 2]",,,,,
03_09_20,1,"[3, 4, 2]",,,,,
03_09_21,1,"[3, 4, 9]",,,,,
03_09_22,1,"[1, 5, 6]",,,,,
03_09_23,1,"[4, 3, 4]",,,,,
03_09_24,1,"[4, 4, 5]",,,,,
03_09_25,1,"[4, 4, 3]",,,,,
03_09_26,1,"[1, 5, 4]",,,,,
03_10_11,1,"[5, 3, 3]",,,,,
03_10_12,1,"[5, 4, 6]",,,,,
03_10_13,1,"[4, 5, 5]",,,,,
03_10_14,1,"[4, 5, 3]",,,,,
03_10_15,3,"[5, 3, -3]","[5, 4, -4]","[5, 5, -5]",,,
03_10_16,1,"[5, 4, 7]",,,,,
03_10_17,1,"[4, 5, 3]",,,,,
03_10_18,1,"[4, 5, 3]",,,,,
03_10_19,1,"[4, 5, 3]",,,,,
03_10_20,1,"[4, 5, 2]",,,,,
03_10_21,1,"[5, 5, 9]",,,,,
03_10_22,1,"[4, 5, 3]",,,,,
03_10_23,1,"[4, 5, 5]",,,,,
03_10_24,1,"[5, 4, 4]",,,,,
03_10_25,1,"[3, 5, 3]",,,,,
03_10_26,1,"[3, 5, 3]",,,,,
03_11_12,1,"[5, 3, 6]",,,,,
03_11_13,1,"[5, 3, 3]",,,,,
03_11_14,1,"[4, 3, 3]",,,,,
03_11_15,1,"[4, 3, -2]",,,,,
03_11_16,1,"[5, 3, 3]",,,,,
03_11_17,1,"[4, 3, 6]",,,,,
03_11_18,1,"[4, 3, 3]",,,,,
03_11_19,1,"[4, 3, 3]",,,,,
03_11_20,1,"[5, 3, 1]",,,,,
03_11_21,1,"[5, 3, 8]",,,,,
03_11_22,1,"[4, 3, 4]",,,,,
03_11_23,1,"[4, 3, 4]",,,,,
03_11_24,1,"[4, 3, 5]",,,,,
03_11_25,1,"[4, 3, 3]",,,,,
03_11_26,1,"[4, 3, 3]",,,,,
03_12_13,1,"[5, 6, 4]",,,,,
03_12_14,1,"[5, 6, 2]",,,,,
03_12_15,1,"[5, 6, -3]",,,,,
03_12_16,1,"[5, 6, 5]",,,,,
03_12_17,1,"[5, 6, 2]",,,,,
03_12_18,1,"[5, 6, 2]",,,,,
03_12_19,1,"[5, 6, 2]",,,,,
03_12_20,1,"[5, 6, 1]",,,,,
03_12_21,1,"[5, 6, 8]",,,,,
03_12_22,1,"[5, 6, 3]",,,,,
03_12_23,1,"[5, 6, 4]",,,,,
03_12_24,1,"[5, 6, 4]",,,,,
03_12_25,1,"[5, 6, 2]",,,,,
03_12_26,1,"[5, 6, 2]",,,,,
03_13_14,1,"[4, 4, 3]",,,,,
03_13_15,1,"[5, 3, -3]",,,,,
03_13_16,1,"[5, 3, 6]",,,,,
03_13_17,1,"[4, 4, 3]",,,,,
03_13_18,2,"[4, 4, 3]","[5, 4, 2]",,,,
03_13_19,1,"[4, 4, 3]",,,,,
03_13_20,1,"[5, 4, 1]",,,,,
03_13_21,1,"[5, 4, 9]",,,,,
03_13_22,2,"[4, 4, 4]","[5, 4, 3]",,,,
03_13_23,1,"[5, 4, 4]",,,,,
03_13_24,1,"[5, 4, 4]",,,,,
03_13_25,2,"[4, 4, 3]","[5, 4, 2]",,,,
03_13_26,2,"[4, 4, 3]","[4, 5, 2]",,,,
03_14_15,1,"[4, 3, -2]",,,,,
03_14_16,1,"[5, 2, 6]",,,,,
03_14_17,1,"[4, 2, 4]",,,,,
03_14_18,1,"[3, 3, 2]",,,,,
03_14_19,3,"[3, 3, 2]","[3, 2, 3]","[4, 2, 2]",,,
03_14_20,1,"[2, 4, 2]",,,,,
03_14_21,2,"[3, 4, 9]","[4, 3, 9]",,,,
03_14_22,1,"[3, 4, 5]",,,,,
03_14_23,1,"[4, 2, 4]",,,,,
03_14_24,1,"[4, 3, 5]",,,,,
03_14_25,2,"[3, 4, 3]","[4, 3, 3]",,,,
03_14_26,1,"[2, 4, 4]",,,,,
03_15_16,1,"[4, -2, 7]",,,,,
03_15_17,1,"[3, -2, 8]",,,,,
03_15_18,1,"[2, -1, 4]",,,,,
03_15_19,1,"[2, -1, 4]",,,,,
03_15_20,1,"[4, -2, 2]",,,,,
03_15_21,1,"[5, -3, 9]",,,,,
03_15_22,1,"[2, -1, 5]",,,,,
03_15_23,1,"[4, -2, 5]",,,,,
03_15_24,1,"[4, -2, 4]",,,,,
03_15_25,1,"[2, -1, 3]",,,,,
03_15_26,1,"[3, -2, 3]",,,,,
03_16_17,1,"[5, 7, 0]",,,,,
03_16_18,1,"[5, 6, 2]",,,,,
03_16_19,1,"[5, 6, 2]",,,,,
03_16_20,1,"[5, 6, 1]",,,,,
03_16_21,1,"[5, 7, 8]",,,,,
03_16_22,1,"[5, 7, 1]",,,,,
03_16_23,1,"[5, 6, 4]",,,,,
03_16_24,1,"[5, 7, 1]",,,,,
03_16_25,1,"[5, 5, 2]",,,,,
03_16_26,1,"[5, 7, 1]",,,,,
03_17_18,1,"[2, 8, 4]",,,,,
03_17_19,1,"[3, 8, 4]",,,,,
03_17_20,1,"[4, 4, 1]",,,,,
03_17_21,2,"[5, 0, 9]","[5, 1, 8]",,,,
03_17_22,1,"[3, 4, 4]",,,,,
03_17_23,1,"[4, 6, 4]",,,,,
03_17_24,1,"[4, 4, 4]",,,,,
03_17_25,1,"[4, 2, 3]",,,,,
03_17_26,1,"[3, 6, 3]",,,,,
03_18_19,1,"[2, 4, 4]",,,,,
03_18_20,1,"[3, 2, 2]",,,,,
03_18_21,1,"[5, 2, 7]",,,,,
03_18_22,1,"[2, 3, 4]",,,,,
03_18_23,1,"[2, 4, 5]",,,,,
03_18_24,1,"[4, 2, 4]",,,,,
03_18_25,1,"[2, 3, 3]",,,,,
03_18_26,1,"[2, 3, 4]",,,,,
03_19_20,1,"[4, 2, 1]",,,,,
03_19_21,1,"[5, 2, 7]",,,,,
03_19_22,1,"[3, 3, 3]",,,,,
03_19_23,2,"[3, 4, 5]","[4, 3, 5]",,,,
03_19_24,1,"[4, 2, 4]",,,,,
03_19_25,2,"[2, 3, 3]","[4, 1, 3]",,,,
03_19_26,1,"[3, 3, 3]",,,,,
03_20_21,1,"[5, 1, 8]",,,,,
03_20_22,1,"[3, 2, 4]",,,,,
03_20_23,1,"[4, 2, 4]",,,,,
03_20_24,1,"[4, 2, 4]",,,,,
03_20_25,1,"[3, 2, 3]",,,,,
03_20_26,2,"[2, 2, 4]","[3, 2, 3]",,,,
03_21_22,1,"[4, 9, 4]",,,,,
03_21_23,1,"[5, 7, 4]",,,,,
03_21_24,1,"[5, 9, 4]",,,,,
03_21_25,1,"[4, 9, 3]",,,,,
03_21_26,1,"[5, 9, 2]",,,,,
03_22_23,3,"[4, 1, 4]","[4, 0, 5]","[5, 0, 4]",,,
03_22_24,1,"[4, 4, 5]",,,,,
03_22_25,1,"[4, 4, 3]",,,,,
03_22_26,1,"[3, 5, 4]",,,,,
03_23_24,1,"[5, 1, 4]",,,,,
03_23_25,1,"[4, 3, 2]",,,,,
03_23_26,1,"[3, 4, 2]",,,,,
03_24_25,1,"[4, 5, 3]",,,,,
03_24_26,1,"[4, 5, 3]",,,,,
03_25_26,1,"[2, 3, 4]",,,,,
04_05_06,1,"[0, 11, 11]",,,,,
04_05_07,1,"[0, 11, 6]",,,,,
04_05_08,1,"[0, 11, 20]",,,,,
04_05_09,1,"[0, 11, 4]",,,,,
04_05_10,1,"[0, 10, 5]",,,,,
04_05_11,1,"[0, 9, 2]",,,,,
04_05_12,1,"[0, 11, 5]",,,,,
04_05_13,1,"[0, 11, 3]",,,,,
04_05_14,1,"[0, 11, 4]",,,,,
04_05_15,1,"[0, 11, -1]",,,,,
04_05_16,1,"[0, 11, 7]",,,,,
04_05_17,1,"[0, 9, 8]",,,,,
04_05_18,1,"[0, 11, 4]",,,,,
04_05_19,1,"[0, 11, 4]",,,,,
04_05_20,1,"[0, 10, 3]",,,,,
04_05_21,1,"[0, 10, 9]",,,,,
04_05_22,1,"[0, 11, 5]",,,,,
04_05_23,1,"[0, 11, 5]",,,,,
04_05_24,1,"[0, 11, 3]",,,,,
04_05_25,1,"[0, 9, 3]",,,,,
04_05_26,1,"[0, 11, 3]",,,,,
04_06_07,1,"[0, 11, 6]",,,,,
04_06_08,1,"[0, 10, 15]",,,,,
04_06_09,1,"[0, 10, 4]",,,,,
04_06_10,2,"[0, 10, 6]","[0, 11, 5]",,,,
04_06_11,1,"[0, 8, 3]",,,,,
04_06_12,1,"[0, 8, 5]",,,,,
04_06_13,1,"[0, 11, 4]",,,,,
04_06_14,1,"[0, 10, 4]",,,,,
04_06_15,1,"[0, 10, -2]",,,,,
04_06_16,2,"[0, 10, 5]","[0, 9, 6]",,,,
04_06_17,1,"[0, 9, 6]",,,,,
04_06_18,1,"[0, 11, 3]",,,,,
04_06_19,1,"[0, 11, 3]",,,,,
04_06_20,1,"[0, 11, 2]",,,,,
04_06_21,1,"[0, 10, 8]",,,,,
04_06_22,1,"[0, 10, 4]",,,,,
04_06_23,1,"[0, 11, 5]",,,,,
04_06_24,1,"[0, 8, 4]",,,,,
04_06_25,1,"[0, 10, 3]",,,,,
04_06_26,1,"[0, 8, 3]",,,,,
04_07_08,1,"[0, 6, 16]",,,,,
04_07_09,1,"[0, 5, 4]",,,,,
04_07_10,1,"[0, 6, 5]",,,,,
04_07_11,1,"[0, 5, 3]",,,,,
04_07_12,2,"[0, 5, 6]","[0, 6, 5]",,,,
04_07_13,1,"[0, 6, 4]",,,,,
04_07_14,2,"[0, 5, 3]","[0, 4, 4]",,,,
04_07_15,1,"[0, 6, -1]",,,,,
04_07_16,1,"[0, 6, 5]",,,,,
04_07_17,1,"[0, 6, 4]",,,,,
04_07_18,1,"[0, 6, 4]",,,,,
04_07_19,1,"[0, 6, 4]",,,,,
04_07_20,1,"[0, 6, 2]",,,,,
04_07_21,1,"[0, 6, 6]",,,,,
04_07_22,1,"[0, 5, 4]",,,,,
04_07_23,1,"[0, 6, 5]",,,,,
04_07_24,2,"[0, 5, 3]","[0, 4, 4]",,,,
04_07_25,1,"[0, 4, 3]",,,,,
04_07_26,2,"[0, 5, 3]","[0, 4, 4]",,,,
04_08_09,1,"[0, 9, 3]",,,,,
04_08_10,1,"[0, 20, 5]",,,,,
04_08_11,1,"[0, 9, 3]",,,,,
04_08_12,1,"[0, 15, 5]",,,,,
04_08_13,1,"[0, 20, 4]",,,,,
04_08_14,1,"[0, 9, 3]",,,,,
04_08_15,1,"[0, 20, -2]",,,,,
04_08_16,1,"[0, 20, 5]",,,,,
04_08_17,1,"[0, 12, 8]",,,,,
04_08_18,1,"[0, 16, 4]",,,,,
04_08_19,1,"[0, 20, 4]",,,,,
04_08_20,1,"[0, 12, 1]",,,,,
04_08_21,1,"[0, 18, 6]",,,,,
04_08_22,1,"[0, 12, 4]",,,,,
04_08_23,1,"[0, 20, 5]",,,,,
04_08_24,1,"[0, 12, 4]",,,,,
04_08_25,1,"[0, 9, 3]",,,,,
04_08_26,1,"[0, 12, 4]",,,,,
04_09_10,1,"[0, 4, 5]",,,,,
04_09_11,1,"[0, 5, 3]",,,,,
04_09_12,1,"[0, 4, 5]",,,,,
04_09_13,1,"[0, 5, 4]",,,,,
04_09_14,1,"[0, 5, 4]",,,,,
04_09_15,1,"[0, 4, -2]",,,,,
04_09_16,1,"[0, 4, 4]",,,,,
04_09_17,1,"[0, 4, 6]",,,,,
04_09_18,1,"[0, 4, 3]",,,,,
04_09_19,2,"[0, 4, 3]","[0, 3, 4]",,,,
04_09_20,1,"[0, 5, 2]",,,,,
04_09_21,1,"[0, 5, 8]",,,,,
04_09_22,1,"[0, 5, 6]",,,,,
04_09_23,2,"[0, 3, 5]","[0, 4, 4]",,,,
04_09_24,2,"[0, 5, 4]","[0, 4, 5]",,,,
04_09_25,1,"[0, 5, 3]",,,,,
04_09_26,1,"[0, 5, 4]",,,,,
04_10_11,1,"[0, 4, 3]",,,,,
04_10_12,1,"[0, 5, 5]",,,,,
04_10_13,1,"[0, 6, 4]",,,,,
04_10_14,1,"[0, 5, 4]",,,,,
04_10_15,6,"[0, 4, -4]","[0, 2, -2]","[0, 3, -3]","[0, 1, -1]","[0, 5, -5]","[0, 6, -6]"
04_10_16,1,"[0, 5, 6]",,,,,
04_10_17,1,"[0, 4, 8]",,,,,
04_10_18,1,"[0, 5, 4]",,,,,
04_10_19,1,"[0, 5, 4]",,,,,
04_10_20,1,"[0, 5, 3]",,,,,
04_10_21,1,"[0, 6, 8]",,,,,
04_10_22,1,"[0, 5, 5]",,,,,
04_10_23,1,"[0, 6, 5]",,,,,
04_10_24,1,"[0, 5, 4]",,,,,
04_10_25,1,"[0, 5, 3]",,,,,
04_10_26,1,"[0, 5, 3]",,,,,
04_11_12,1,"[0, 3, 6]",,,,,
04_11_13,2,"[0, 2, 4]","[0, 3, 3]",,,,
04_11_14,1,"[0, 3, 4]",,,,,
04_11_15,1,"[0, 3, -1]",,,,,
04_11_16,1,"[0, 3, 4]",,,,,
04_11_17,1,"[0, 3, 8]",,,,,
04_11_18,1,"[0, 3, 4]",,,,,
04_11_19,1,"[0, 3, 4]",,,,,
04_11_20,1,"[0, 3, 2]",,,,,
04_11_21,1,"[0, 3, 8]",,,,,
04_11_22,1,"[0, 3, 6]",,,,,
04_11_23,1,"[0, 3, 4]",,,,,
04_11_24,1,"[0, 3, 5]",,,,,
04_11_25,1,"[0, 3, 3]",,,,,
04_11_26,1,"[0, 3, 4]",,,,,
04_12_13,1,"[0, 6, 4]",,,,,
04_12_14,1,"[0, 5, 3]",,,,,
04_12_15,1,"[0, 5, -2]",,,,,
04_12_16,1,"[0, 6, 5]",,,,,
04_12_17,1,"[0, 5, 6]",,,,,
04_12_18,1,"[0, 5, 3]",,,,,
04_12_19,2,"[0, 5, 3]","[0, 4, 4]",,,,
04_12_20,1,"[0, 5, 2]",,,,,
04_12_21,1,"[0, 6, 8]",,,,,
04_12_22,1,"[0, 5, 4]",,,,,
04_12_23,1,"[0, 5, 5]",,,,,
04_12_24,1,"[0, 6, 4]",,,,,
04_12_25,1,"[0, 5, 3]",,,,,
04_12_26,1,"[0, 5, 3]",,,,,
04_13_14,1,"[0, 5, 3]",,,,,
04_13_15,2,"[0, 4, -4]","[0, 3, -3]",,,,
04_13_16,1,"[0, 4, 6]",,,,,
04_13_17,1,"[0, 3, 8]",,,,,
04_13_18,1,"[0, 4, 4]",,,,,
04_13_19,1,"[0, 4, 4]",,,,,
04_13_20,1,"[0, 4, 2]",,,,,
04_13_21,1,"[0, 4, 9]",,,,,
04_13_22,1,"[0, 4, 6]",,,,,
04_13_23,2,"[0, 4, 5]","[0, 5, 4]",,,,
04_13_24,1,"[0, 4, 4]",,,,,
04_13_25,1,"[0, 4, 3]",,,,,
04_13_26,1,"[0, 4, 4]",,,,,
04_14_15,1,"[0, 3, -2]",,,,,
04_14_16,1,"[0, 4, 4]",,,,,
04_14_17,2,"[0, 3, 6]","[0, 4, 4]",,,,
04_14_18,2,"[0, 4, 2]","[0, 3, 3]",,,,
04_14_19,1,"[0, 3, 3]",,,,,
04_14_20,1,"[0, 4, 2]",,,,,
04_14_21,1,"[0, 4, 9]",,,,,
04_14_22,1,"[0, 4, 6]",,,,,
04_14_23,1,"[0, 3, 4]",,,,,
04_14_24,2,"[0, 3, 5]","[0, 4, 4]",,,,
04_14_25,1,"[0, 4, 3]",,,,,
04_14_26,1,"[0, 4, 4]",,,,,
04_15_16,1,"[0, -2, 7]",,,,,
04_15_17,1,"[0, -1, 6]",,,,,
04_15_18,1,"[0, -1, 4]",,,,,
04_15_19,1,"[0, -1, 4]",,,,,
04_15_20,1,"[0, -1, 2]",,,,,
04_15_21,1,"[0, -1, 7]",,,,,
04_15_22,1,"[0, -1, 5]",,,,,
04_15_23,1,"[0, -1, 5]",,,,,
04_15_24,1,"[0, -2, 4]",,,,,
04_15_25,1,"[0, -1, 3]",,,,,
04_15_26,1,"[0, -1, 3]",,,,,
04_16_17,2,"[0, 4, 6]","[0, 5, 4]",,,,
04_16_18,1,"[0, 4, 4]",,,,,
04_16_19,1,"[0, 5, 4]",,,,,
04_16_20,1,"[0, 4, 2]",,,,,
04_16_21,1,"[0, 7, 8]",,,,,
04_16_22,2,"[0, 4, 5]","[0, 5, 4]",,,,
04_16_23,1,"[0, 6, 5]",,,,,
04_16_24,1,"[0, 6, 4]",,,,,
04_16_25,1,"[0, 5, 3]",,,,,
04_16_26,1,"[0, 4, 4]",,,,,
04_17_18,1,"[0, 8, 4]",,,,,
04_17_19,1,"[0, 8, 4]",,,,,
04_17_20,1,"[0, 4, 2]",,,,,
04_17_21,1,"[0, 6, 6]",,,,,
04_17_22,1,"[0, 6, 5]",,,,,
04_17_23,1,"[0, 8, 4]",,,,,
04_17_24,1,"[0, 6, 4]",,,,,
04_17_25,1,"[0, 6, 3]",,,,,
04_17_26,1,"[0, 6, 4]",,,,,
04_18_19,1,"[0, 4, 4]",,,,,
04_18_20,1,"[0, 3, 2]",,,,,
04_18_21,1,"[0, 4, 5]",,,,,
04_18_22,2,"[0, 3, 5]","[0, 4, 4]",,,,
04_18_23,1,"[0, 4, 5]",,,,,
04_18_24,1,"[0, 3, 4]",,,,,
04_18_25,1,"[0, 3, 3]",,,,,
04_18_26,1,"[0, 3, 4]",,,,,
04_19_20,1,"[0, 2, 2]",,,,,
04_19_21,1,"[0, 4, 5]",,,,,
04_19_22,2,"[0, 3, 5]","[0, 4, 4]",,,,
04_19_23,1,"[0, 4, 5]",,,,,
04_19_24,1,"[0, 3, 4]",,,,,
04_19_25,1,"[0, 3, 3]",,,,,
04_19_26,1,"[0, 3, 4]",,,,,
04_20_21,1,"[0, 2, 7]",,,,,
04_20_22,1,"[0, 2, 6]",,,,,
04_20_23,1,"[0, 3, 4]",,,,,
04_20_24,1,"[0, 2, 4]",,,,,
04_20_25,1,"[0, 2, 3]",,,,,
04_20_26,1,"[0, 2, 4]",,,,,
04_21_22,1,"[0, 8, 6]",,,,,
04_21_23,1,"[0, 6, 5]",,,,,
04_21_24,2,"[0, 9, 4]","[0, 8, 5]",,,,
04_21_25,1,"[0, 9, 3]",,,,,
04_21_26,1,"[0, 8, 4]",,,,,
04_22_23,2,"[0, 4, 4]","[0, 3, 5]",,,,
04_22_24,2,"[0, 4, 5]","[0, 5, 4]",,,,
04_22_25,1,"[0, 6, 3]",,,,,
04_22_26,1,"[0, 6, 4]",,,,,
04_23_24,1,"[0, 4, 3]",,,,,
04_23_25,2,"[0, 4, 2]","[0, 3, 3]",,,,
04_23_26,1,"[0, 4, 3]",,,,,
04_24_25,1,"[0, 5, 3]",,,,,
04_24_26,1,"[0, 5, 3]",,,,,
04_25_26,1,"[0, 3, 4]",,,,,
05_06_07,1,"[11, 11, 6]",,,,,
05_06_08,1,"[11, 11, 12]",,,,,
05_06_09,2,"[11, 10, 4]","[11, 11, 3]",,,,
05_06_10,1,"[9, 11, 5]",,,,,
05_06_11,1,"[11, 11, 1]",,,,,
05_06_12,1,"[11, 9, 4]",,,,,
05_06_13,1,"[9, 11, 4]",,,,,
05_06_14,1,"[11, 11, 3]",,,,,
05_06_15,1,"[11, 10, -2]",,,,,
05_06_16,2,"[11, 10, 5]","[11, 11, 4]",,,,
05_06_17,1,"[11, 11, 3]",,,,,
05_06_18,1,"[11, 11, 3]",,,,,
05_06_19,1,"[11, 11, 3]",,,,,
05_06_20,1,"[11, 11, 2]",,,,,
05_06_21,1,"[11, 11, 7]",,,,,
05_06_22,1,"[11, 11, 3]",,,,,
05_06_23,1,"[11, 11, 5]",,,,,
05_06_24,1,"[11, 10, 3]",,,,,
05_06_25,1,"[11, 11, 2]",,,,,
05_06_26,1,"[11, 11, 1]",,,,,
05_07_08,1,"[11, 5, 20]",,,,,
05_07_09,1,"[11, 6, 2]",,,,,
05_07_10,1,"[11, 6, 3]",,,,,
05_07_11,1,"[9, 6, 2]",,,,,
05_07_12,1,"[9, 6, 5]",,,,,
05_07_13,1,"[11, 6, 2]",,,,,
05_07_14,1,"[11, 5, 3]",,,,,
05_07_15,1,"[11, 6, -2]",,,,,
05_07_16,1,"[11, 5, 6]",,,,,
05_07_17,1,"[10, 6, 4]",,,,,
05_07_18,1,"[10, 6, 4]",,,,,
05_07_19,1,"[10, 6, 4]",,,,,
05_07_20,1,"[11, 6, 2]",,,,,
05_07_21,1,"[11, 6, 6]",,,,,
05_07_22,1,"[11, 6, 2]",,,,,
05_07_23,1,"[11, 6, 5]",,,,,
05_07_24,1,"[11, 6, 2]",,,,,
05_07_25,1,"[11, 6, 1]",,,,,
05_07_26,1,"[11, 6, 1]",,,,,
05_08_09,1,"[11, 9, 3]",,,,,
05_08_10,1,"[7, 20, 5]",,,,,
05_08_11,1,"[11, 20, 0]",,,,,
05_08_12,1,"[11, 18, 4]",,,,,
05_08_13,1,"[11, 20, 1]",,,,,
05_08_14,1,"[11, 9, 3]",,,,,
05_08_15,2,"[11, 20, -2]","[11, 12, -1]",,,,
05_08_16,1,"[11, 20, 5]",,,,,
05_08_17,1,"[11, 20, 0]",,,,,
05_08_18,1,"[11, 16, 4]",,,,,
05_08_19,1,"[11, 20, 4]",,,,,
05_08_20,1,"[11, 12, 1]",,,,,
05_08_21,1,"[11, 18, 6]",,,,,
05_08_22,1,"[11, 10, 4]",,,,,
05_08_23,1,"[11, 20, 5]",,,,,
05_08_24,1,"[11, 20, 1]",,,,,
05_08_25,1,"[11, 12, 2]",,,,,
05_08_26,2,"[11, 20, 1]","[11, 16, 2]",,,,
05_09_10,1,"[9, 4, 5]",,,,,
05_09_11,1,"[9, 5, 2]",,,,,
05_09_12,1,"[9, 4, 5]",,,,,
05_09_13,1,"[9, 5, 3]",,,,,
05_09_14,1,"[9, 5, 4]",,,,,
05_09_15,1,"[11, 2, -1]",,,,,
05_09_16,1,"[11, 4, 4]",,,,,
05_09_17,1,"[9, 3, 4]",,,,,
05_09_18,1,"[11, 2, 4]",,,,,
05_09_19,1,"[11, 2, 4]",,,,,
05_09_20,1,"[11, 4, 2]",,,,,
05_09_21,1,"[10, 4, 9]",,,,,
05_09_22,1,"[8, 5, 5]",,,,,
05_09_23,1,"[11, 2, 5]",,,,,
05_09_24,1,"[8, 5, 4]",,,,,
05_09_25,1,"[8, 5, 3]",,,,,
05_09_26,1,"[6, 5, 4]",,,,,
05_10_11,1,"[11, 4, 1]",,,,,
05_10_12,1,"[8, 5, 5]",,,,,
05_10_13,1,"[5, 6, 4]",,,,,
05_10_14,2,"[11, 4, 4]","[9, 5, 4]",,,,
05_10_15,4,"[11, 4, -4]","[11, 2, -2]","[11, 3, -3]","[11, 1, -1]",,
05_10_16,1,"[11, 2, 7]",,,,,
05_10_17,1,"[9, 4, 4]",,,,,
05_10_18,1,"[9, 5, 4]",,,,,
05_10_19,1,"[9, 5, 4]",,,,,
05_10_20,2,"[10, 5, 2]","[10, 4, 3]",,,,
05_10_21,2,"[10, 4, 9]","[8, 5, 9]",,,,
05_10_22,1,"[9, 4, 5]",,,,,
05_10_23,1,"[11, 4, 5]",,,,,
05_10_24,1,"[9, 5, 3]",,,,,
05_10_25,1,"[7, 5, 3]",,,,,
05_10_26,1,"[8, 5, 3]",,,,,
05_11_12,1,"[6, 3, 6]",,,,,
05_11_13,1,"[7, 2, 3]",,,,,
05_11_14,1,"[9, 2, 4]",,,,,
05_11_15,1,"[9, 2, -1]",,,,,
05_11_16,1,"[11, 0, 7]",,,,,
05_11_17,1,"[7, 3, 8]",,,,,
05_11_18,1,"[9, 2, 4]",,,,,
05_11_19,1,"[9, 2, 4]",,,,,
05_11_20,1,"[11, 1, 2]",,,,,
05_11_21,1,"[8, 2, 9]",,,,,
05_11_22,1,"[7, 3, 6]",,,,,
05_11_23,1,"[9, 2, 5]",,,,,
05_11_24,2,"[7, 3, 4]","[5, 3, 5]",,,,
05_11_25,1,"[7, 3, 3]",,,,,
05_11_26,1,"[7, 3, 4]",,,,,
05_12_13,1,"[3, 6, 4]",,,,,
05_12_14,1,"[11, 3, 4]",,,,,
05_12_15,1,"[11, 4, -2]",,,,,
05_12_16,1,"[11, 5, 6]",,,,,
05_12_17,1,"[9, 4, 6]",,,,,
05_12_18,1,"[11, 2, 4]",,,,,
05_12_19,1,"[11, 3, 4]",,,,,
05_12_20,1,"[10, 5, 2]",,,,,
05_12_21,1,"[10, 5, 9]",,,,,
05_12_22,1,"[10, 4, 3]",,,,,
05_12_23,1,"[11, 4, 5]",,,,,
05_12_24,1,"[6, 6, 4]",,,,,
05_12_25,1,"[8, 5, 3]",,,,,
05_12_26,1,"[10, 4, 2]",,,,,
05_13_14,1,"[11, 3, 4]",,,,,
05_13_15,1,"[11, 1, -1]",,,,,
05_13_16,1,"[11, 2, 6]",,,,,
05_13_17,1,"[9, 3, 4]",,,,,
05_13_18,1,"[9, 4, 4]",,,,,
05_13_19,1,"[9, 4, 4]",,,,,
05_13_20,1,"[11, 3, 2]",,,,,
05_13_21,1,"[5, 4, 9]",,,,,
05_13_22,1,"[3, 4, 6]",,,,,
05_13_23,1,"[11, 3, 5]",,,,,
05_13_24,1,"[9, 3, 4]",,,,,
05_13_25,1,"[7, 4, 3]",,,,,
05_13_26,1,"[3, 4, 4]",,,,,
05_14_15,1,"[11, 3, -2]",,,,,
05_14_16,1,"[11, 4, 4]",,,,,
05_14_17,1,"[11, 4, 0]",,,,,
05_14_18,2,"[11, 4, 2]","[11, 3, 3]",,,,
05_14_19,1,"[11, 3, 3]",,,,,
05_14_20,1,"[11, 4, 2]",,,,,
05_14_21,1,"[10, 4, 9]",,,,,
05_14_22,1,"[10, 4, 5]",,,,,
05_14_23,1,"[11, 3, 4]",,,,,
05_14_24,1,"[11, 4, 3]",,,,,
05_14_25,1,"[9, 4, 3]",,,,,
05_14_26,1,"[10, 4, 3]",,,,,
05_15_16,1,"[11, -1, 5]",,,,,
05_15_17,1,"[9, -1, 4]",,,,,
05_15_18,1,"[11, -1, 3]",,,,,
05_15_19,1,"[11, -1, 3]",,,,,
05_15_20,1,"[11, -1, 2]",,,,,
05_15_21,1,"[11, -1, 7]",,,,,
05_15_22,1,"[11, -1, 4]",,,,,
05_15_23,1,"[11, -1, 4]",,,,,
05_15_24,1,"[11, -1, 2]",,,,,
05_15_25,1,"[11, -1, 2]",,,,,
05_15_26,1,"[11, -1, 2]",,,,,
05_16_17,1,"[11, 7, 0]",,,,,
05_16_18,1,"[11, 4, 4]",,,,,
05_16_19,1,"[11, 5, 4]",,,,,
05_16_20,1,"[11, 4, 2]",,,,,
05_16_21,1,"[11, 7, 8]",,,,,
05_16_22,2,"[11, 5, 4]","[11, 4, 5]",,,,
05_16_23,1,"[11, 6, 5]",,,,,
05_16_24,1,"[11, 6, 3]",,,,,
05_16_25,1,"[11, 6, 2]",,,,,
05_16_26,1,"[11, 6, 2]",,,,,
05_17_18,1,"[9, 8, 4]",,,,,
05_17_19,1,"[9, 8, 4]",,,,,
05_17_20,1,"[11, 1, 2]",,,,,
05_17_21,1,"[11, 1, 8]",,,,,
05_17_22,1,"[9, 8, 4]",,,,,
05_17_23,1,"[10, 4, 5]",,,,,
05_17_24,1,"[8, 8, 3]",,,,,
05_17_25,1,"[9, 8, 2]",,,,,
05_17_26,1,"[9, 8, 3]",,,,,
05_18_19,1,"[11, 4, 4]",,,,,
05_18_20,1,"[11, 3, 2]",,,,,
05_18_21,2,"[11, 3, 6]","[11, 4, 5]",,,,
05_18_22,1,"[11, 4, 3]",,,,,
05_18_23,1,"[11, 4, 5]",,,,,
05_18_24,1,"[11, 4, 2]",,,,,
05_18_25,1,"[11, 4, 1]",,,,,
05_18_26,1,"[11, 4, 2]",,,,,
05_19_20,1,"[11, 2, 2]",,,,,
05_19_21,2,"[11, 3, 6]","[11, 4, 5]",,,,
05_19_22,1,"[11, 4, 3]",,,,,
05_19_23,1,"[11, 4, 5]",,,,,
05_19_24,1,"[11, 4, 2]",,,,,
05_19_25,1,"[11, 4, 1]",,,,,
05_19_26,1,"[11, 4, 2]",,,,,
05_20_21,1,"[11, 2, 7]",,,,,
05_20_22,1,"[11, 2, 5]",,,,,
05_20_23,1,"[11, 2, 5]",,,,,
05_20_24,1,"[11, 2, 3]",,,,,
05_20_25,1,"[10, 3, 2]",,,,,
05_20_26,1,"[11, 2, 3]",,,,,
05_21_22,1,"[10, 8, 5]",,,,,
05_21_23,1,"[11, 6, 5]",,,,,
05_21_24,1,"[8, 9, 4]",,,,,
05_21_25,1,"[8, 9, 3]",,,,,
05_21_26,1,"[10, 8, 3]",,,,,
05_22_23,2,"[11, 4, 4]","[11, 3, 5]",,,,
05_22_24,1,"[8, 5, 3]",,,,,
05_22_25,1,"[8, 6, 3]",,,,,
05_22_26,1,"[8, 6, 4]",,,,,
05_23_24,1,"[11, 5, 2]",,,,,
05_23_25,1,"[11, 4, 2]",,,,,
05_23_26,1,"[11, 5, 2]",,,,,
05_24_25,1,"[9, 4, 3]",,,,,
05_24_26,1,"[9, 3, 3]",,,,,
05_25_26,1,"[8, 3, 4]",,,,,
06_07_08,2,"[10, 6, 12]","[11, 6, 9]",,,,
06_07_09,1,"[11, 6, 2]",,,,,
06_07_10,1,"[11, 6, 5]",,,,,
06_07_11,1,"[9, 6, 2]",,,,,
06_07_12,1,"[9, 6, 4]",,,,,
06_07_13,1,"[11, 6, 4]",,,,,
06_07_14,2,"[11, 5, 3]","[11, 6, 2]",,,,
06_07_15,1,"[10, 6, -2]",,,,,
06_07_16,1,"[11, 6, 3]",,,,,
06_07_17,1,"[11, 6, 3]",,,,,
06_07_18,1,"[11, 6, 3]",,,,,
06_07_19,1,"[11, 6, 3]",,,,,
06_07_20,1,"[11, 6, 2]",,,,,
06_07_21,1,"[11, 6, 6]",,,,,
06_07_22,1,"[11, 6, 2]",,,,,
06_07_23,1,"[11, 6, 5]",,,,,
06_07_24,1,"[11, 6, 2]",,,,,
06_07_25,1,"[11, 5, 2]",,,,,
06_07_26,1,"[11, 6, 1]",,,,,
06_08_09,1,"[11, 12, 2]",,,,,
06_08_10,1,"[10, 15, 5]",,,,,
06_08_11,1,"[10, 12, 1]",,,,,
06_08_12,1,"[9, 18, 4]",,,,,
06_08_13,1,"[10, 15, 4]",,,,,
06_08_14,1,"[11, 12, 2]",,,,,
06_08_15,1,"[10, 15, -2]",,,,,
06_08_16,1,"[9, 18, 6]",,,,,
06_08_17,1,"[10, 12, 3]",,,,,
06_08_18,1,"[8, 16, 4]",,,,,
06_08_19,1,"[7, 20, 4]",,,,,
06_08_20,1,"[11, 4, 2]",,,,,
06_08_21,1,"[11, 8, 7]",,,,,
06_08_22,1,"[11, 12, 2]",,,,,
06_08_23,1,"[11, 12, 5]",,,,,
06_08_24,1,"[9, 12, 3]",,,,,
06_08_25,1,"[11, 12, 1]",,,,,
06_08_26,1,"[8, 16, 2]",,,,,
06_09_10,1,"[10, 4, 5]",,,,,
06_09_11,2,"[8, 5, 2]","[8, 4, 3]",,,,
06_09_12,1,"[8, 5, 4]",,,,,
06_09_13,1,"[11, 3, 4]",,,,,
06_09_14,1,"[8, 5, 4]",,,,,
06_09_15,1,"[9, 4, -2]",,,,,
06_09_16,1,"[10, 4, 4]",,,,,
06_09_17,1,"[10, 3, 4]",,,,,
06_09_18,1,"[11, 2, 3]",,,,,
06_09_19,1,"[11, 2, 3]",,,,,
06_09_20,1,"[9, 4, 2]",,,,,
06_09_21,1,"[10, 4, 8]",,,,,
06_09_22,1,"[3, 5, 6]",,,,,
06_09_23,1,"[11, 2, 5]",,,,,
06_09_24,1,"[6, 5, 4]",,,,,
06_09_25,1,"[9, 4, 3]",,,,,
06_09_26,1,"[3, 5, 4]",,,,,
06_10_11,1,"[11, 5, 1]",,,,,
06_10_12,1,"[10, 6, 3]",,,,,
06_10_13,1,"[10, 6, 4]",,,,,
06_10_14,1,"[11, 5, 3]",,,,,
06_10_15,3,"[11, 3, -3]","[11, 4, -4]","[11, 5, -5]",,,
06_10_16,1,"[11, 5, 4]",,,,,
06_10_17,1,"[11, 5, 3]",,,,,
06_10_18,1,"[11, 5, 3]",,,,,
06_10_19,1,"[11, 5, 3]",,,,,
06_10_20,1,"[11, 5, 2]",,,,,
06_10_21,1,"[10, 6, 7]",,,,,
06_10_22,1,"[11, 5, 3]",,,,,
06_10_23,1,"[11, 5, 5]",,,,,
06_10_24,1,"[10, 5, 3]",,,,,
06_10_25,2,"[10, 6, 2]","[11, 5, 2]",,,,
06_10_26,1,"[9, 5, 2]",,,,,
06_11_12,1,"[5, 3, 6]",,,,,
06_11_13,1,"[11, 1, 4]",,,,,
06_11_14,1,"[10, 1, 4]",,,,,
06_11_15,1,"[8, 2, -1]",,,,,
06_11_16,1,"[9, 1, 5]",,,,,
06_11_17,1,"[6, 3, 8]",,,,,
06_11_18,1,"[8, 2, 4]",,,,,
06_11_19,2,"[8, 2, 4]","[6, 3, 4]",,,,
06_11_20,1,"[10, 2, 2]",,,,,
06_11_21,1,"[8, 2, 8]",,,,,
06_11_22,1,"[8, 3, 4]",,,,,
06_11_23,1,"[11, 1, 5]",,,,,
06_11_24,1,"[7, 3, 4]",,,,,
06_11_25,1,"[8, 3, 3]",,,,,
06_11_26,2,"[4, 3, 4]","[6, 3, 3]",,,,
06_12_13,1,"[9, 4, 5]",,,,,
06_12_14,1,"[10, 3, 4]",,,,,
06_12_15,1,"[8, 4, -1]",,,,,
06_12_16,1,"[8, 5, 6]",,,,,
06_12_17,1,"[8, 4, 6]",,,,,
06_12_18,1,"[10, 3, 3]",,,,,
06_12_19,1,"[9, 4, 3]",,,,,
06_12_20,1,"[9, 4, 2]",,,,,
06_12_21,1,"[8, 5, 8]",,,,,
06_12_22,1,"[9, 3, 4]",,,,,
06_12_23,1,"[9, 4, 5]",,,,,
06_12_24,1,"[6, 5, 4]",,,,,
06_12_25,1,"[8, 4, 3]",,,,,
06_12_26,1,"[9, 3, 2]",,,,,
06_13_14,1,"[11, 4, 3]",,,,,
06_13_15,1,"[11, 4, -5]",,,,,
06_13_16,1,"[11, 4, 4]",,,,,
06_13_17,1,"[11, 4, 3]",,,,,
06_13_18,1,"[11, 4, 3]",,,,,
06_13_19,1,"[11, 4, 3]",,,,,
06_13_20,1,"[11, 4, 2]",,,,,
06_13_21,1,"[8, 5, 8]",,,,,
06_13_22,1,"[11, 4, 3]",,,,,
06_13_23,1,"[11, 4, 5]",,,,,
06_13_24,2,"[9, 4, 3]","[8, 5, 3]",,,,
06_13_25,1,"[11, 4, 2]",,,,,
06_13_26,1,"[8, 5, 2]",,,,,
06_14_15,1,"[11, 3, -3]",,,,,
06_14_16,2,"[10, 4, 4]","[11, 3, 4]",,,,
06_14_17,1,"[10, 3, 4]",,,,,
06_14_18,1,"[11, 3, 2]",,,,,
06_14_19,1,"[11, 3, 2]",,,,,
06_14_20,1,"[11, 3, 2]",,,,,
06_14_21,2,"[10, 4, 8]","[8, 4, 9]",,,,
06_14_22,1,"[9, 4, 4]",,,,,
06_14_23,1,"[11, 3, 4]",,,,,
06_14_24,1,"[10, 4, 3]",,,,,
06_14_25,1,"[9, 4, 3]",,,,,
06_14_26,1,"[7, 4, 3]",,,,,
06_15_16,2,"[10, -2, 5]","[9, -2, 6]",,,,
06_15_17,1,"[9, -2, 4]",,,,,
06_15_18,1,"[6, -1, 4]",,,,,
06_15_19,1,"[6, -1, 4]",,,,,
06_15_20,1,"[10, -2, 2]",,,,,
06_15_21,1,"[10, -2, 7]",,,,,
06_15_22,1,"[9, -2, 4]",,,,,
06_15_23,1,"[10, -2, 5]",,,,,
06_15_24,1,"[9, -2, 3]",,,,,
06_15_25,1,"[9, -2, 3]",,,,,
06_15_26,1,"[9, -2, 2]",,,,,
06_16_17,1,"[10, 4, 3]",,,,,
06_16_18,1,"[11, 4, 3]",,,,,
06_16_19,1,"[10, 5, 3]",,,,,
06_16_20,1,"[11, 3, 2]",,,,,
06_16_21,1,"[8, 6, 8]",,,,,
06_16_22,1,"[9, 5, 4]",,,,,
06_16_23,1,"[11, 4, 5]",,,,,
06_16_24,1,"[8, 6, 3]",,,,,
06_16_25,1,"[10, 5, 2]",,,,,
06_16_26,1,"[8, 6, 2]",,,,,
06_17_18,1,"[8, 8, 4]",,,,,
06_17_19,1,"[8, 8, 4]",,,,,
06_17_20,1,"[11, 1, 2]",,,,,
06_17_21,1,"[10, 4, 7]",,,,,
06_17_22,1,"[8, 6, 5]",,,,,
06_17_23,1,"[11, 3, 5]",,,,,
06_17_24,1,"[9, 6, 3]",,,,,
06_17_25,1,"[10, 4, 3]",,,,,
06_17_26,1,"[8, 8, 3]",,,,,
06_18_19,1,"[9, 4, 4]",,,,,
06_18_20,1,"[11, 2, 2]",,,,,
06_18_21,1,"[11, 3, 6]",,,,,
06_18_22,1,"[8, 4, 4]",,,,,
06_18_23,1,"[11, 3, 5]",,,,,
06_18_24,1,"[9, 3, 3]",,,,,
06_18_25,1,"[10, 3, 2]",,,,,
06_18_26,1,"[8, 4, 3]",,,,,
06_19_20,1,"[11, 1, 2]",,,,,
06_19_21,1,"[11, 3, 6]",,,,,
06_19_22,1,"[8, 4, 4]",,,,,
06_19_23,1,"[11, 3, 5]",,,,,
06_19_24,1,"[9, 3, 3]",,,,,
06_19_25,1,"[10, 3, 2]",,,,,
06_19_26,1,"[8, 4, 3]",,,,,
06_20_21,1,"[11, 2, 7]",,,,,
06_20_22,1,"[9, 3, 4]",,,,,
06_20_23,1,"[11, 2, 5]",,,,,
06_20_24,1,"[9, 2, 3]",,,,,
06_20_25,1,"[10, 2, 3]",,,,,
06_20_26,1,"[9, 3, 2]",,,,,
06_21_22,1,"[7, 9, 5]",,,,,
06_21_23,2,"[11, 7, 4]","[11, 6, 5]",,,,
06_21_24,2,"[6, 9, 4]","[8, 8, 4]",,,,
06_21_25,1,"[9, 8, 3]",,,,,
06_21_26,1,"[8, 8, 3]",,,,,
06_22_23,1,"[11, 2, 5]",,,,,
06_22_24,1,"[9, 4, 3]",,,,,
06_22_25,1,"[10, 4, 3]",,,,,
06_22_26,1,"[6, 6, 4]",,,,,
06_23_24,1,"[11, 5, 2]",,,,,
06_23_25,1,"[11, 4, 2]",,,,,
06_23_26,1,"[11, 5, 1]",,,,,
06_24_25,1,"[8, 4, 3]",,,,,
06_24_26,1,"[5, 4, 3]",,,,,
06_25_26,1,"[8, 3, 3]",,,,,
07_08_09,1,"[6, 9, 2]",,,,,
07_08_10,1,"[6, 16, 5]",,,,,
07_08_11,1,"[6, 12, 2]",,,,,
07_08_12,1,"[6, 12, 5]",,,,,
07_08_13,1,"[5, 20, 4]",,,,,
07_08_14,1,"[6, 9, 2]",,,,,
07_08_15,1,"[6, 16, -2]",,,,,
07_08_16,1,"[5, 20, 5]",,,,,
07_08_17,1,"[6, 16, 4]",,,,,
07_08_18,1,"[6, 12, 4]",,,,,
07_08_19,1,"[6, 16, 4]",,,,,
07_08_20,1,"[6, 9, 1]",,,,,
07_08_21,1,"[6, 15, 6]",,,,,
07_08_22,1,"[6, 16, 1]",,,,,
07_08_23,1,"[6, 16, 5]",,,,,
07_08_24,1,"[5, 16, 2]",,,,,
07_08_25,1,"[6, 12, 1]",,,,,
07_08_26,1,"[5, 16, 2]",,,,,
07_09_10,1,"[6, 2, 5]",,,,,
07_09_11,2,"[4, 4, 3]","[5, 3, 3]",,,,
07_09_12,1,"[5, 3, 5]",,,,,
07_09_13,2,"[5, 3, 4]","[4, 4, 4]",,,,
07_09_14,1,"[4, 5, 4]",,,,,
07_09_15,2,"[5, 3, -1]","[6, 2, -1]",,,,
07_09_16,1,"[5, 3, 3]",,,,,
07_09_17,1,"[5, 3, 8]",,,,,
07_09_18,1,"[6, 3, 4]",,,,,
07_09_19,1,"[6, 3, 4]",,,,,
07_09_20,1,"[5, 4, 2]",,,,,
07_09_21,1,"[4, 5, 7]",,,,,
07_09_22,3,"[2, 5, 6]","[3, 5, 5]","[4, 5, 4]",,,
07_09_23,1,"[6, 3, 5]",,,,,
07_09_24,1,"[3, 5, 4]",,,,,
07_09_25,1,"[3, 5, 3]",,,,,
07_09_26,1,"[2, 5, 4]",,,,,
07_10_11,1,"[6, 5, 2]",,,,,
07_10_12,1,"[6, 5, 4]",,,,,
07_10_13,1,"[5, 6, 4]",,,,,
07_10_14,1,"[5, 5, 3]",,,,,
07_10_15,5,"[6, 2, -2]","[6, 3, -3]","[6, 4, -4]","[6, 5, -5]","[6, 1, -1]",
07_10_16,2,"[6, 5, 4]","[5, 5, 6]",,,,
07_10_17,1,"[6, 5, 4]",,,,,
07_10_18,2,"[6, 5, 3]","[6, 4, 4]",,,,
07_10_19,1,"[6, 5, 4]",,,,,
07_10_20,1,"[6, 5, 2]",,,,,
07_10_21,1,"[4, 6, 7]",,,,,
07_10_22,2,"[5, 5, 4]","[6, 5, 3]",,,,
07_10_23,1,"[6, 5, 5]",,,,,
07_10_24,1,"[5, 5, 3]",,,,,
07_10_25,1,"[5, 5, 2]",,,,,
07_10_26,1,"[5, 5, 3]",,,,,
07_11_12,1,"[5, 3, 5]",,,,,
07_11_13,1,"[6, 1, 4]",,,,,
07_11_14,3,"[4, 3, 3]","[3, 3, 4]","[5, 3, 2]",,,
07_11_15,1,"[6, 2, -1]",,,,,
07_11_16,1,"[6, 2, 4]",,,,,
07_11_17,1,"[5, 3, 8]",,,,,
07_11_18,1,"[6, 2, 4]",,,,,
07_11_19,1,"[6, 2, 4]",,,,,
07_11_20,1,"[6, 2, 2]",,,,,
07_11_21,1,"[5, 3, 5]",,,,,
07_11_22,1,"[5, 3, 4]",,,,,
07_11_23,1,"[6, 2, 5]",,,,,
07_11_24,1,"[4, 3, 4]",,,,,
07_11_25,1,"[4, 3, 3]",,,,,
07_11_26,2,"[4, 3, 4]","[5, 3, 3]",,,,
07_12_13,1,"[4, 6, 4]",,,,,
07_12_14,1,"[5, 5, 2]",,,,,
07_12_15,1,"[6, 5, -2]",,,,,
07_12_16,1,"[5, 5, 5]",,,,,
07_12_17,1,"[5, 5, 6]",,,,,
07_12_18,1,"[6, 3, 4]",,,,,
07_12_19,1,"[6, 4, 4]",,,,,
07_12_20,1,"[5, 5, 2]",,,,,
07_12_21,1,"[5, 6, 6]",,,,,
07_12_22,1,"[4, 4, 3]",,,,,
07_12_23,1,"[6, 5, 5]",,,,,
07_12_24,1,"[2, 6, 4]",,,,,
07_12_25,1,"[4, 5, 2]",,,,,
07_12_26,1,"[5, 3, 3]",,,,,
07_13_14,1,"[5, 4, 3]",,,,,
07_13_15,1,"[6, 3, -3]",,,,,
07_13_16,1,"[5, 4, 6]",,,,,
07_13_17,1,"[6, 4, 3]",,,,,
07_13_18,1,"[6, 4, 3]",,,,,
07_13_19,2,"[6, 3, 4]","[6, 4, 3]",,,,
07_13_20,1,"[5, 4, 2]",,,,,
07_13_21,2,"[3, 5, 8]","[4, 5, 7]",,,,
07_13_22,1,"[5, 4, 4]",,,,,
07_13_23,1,"[6, 4, 5]",,,,,
07_13_24,1,"[5, 4, 3]",,,,,
07_13_25,1,"[5, 4, 2]",,,,,
07_13_26,1,"[5, 4, 3]",,,,,
07_14_15,1,"[6, 1, -1]",,,,,
07_14_16,1,"[5, 2, 4]",,,,,
07_14_17,1,"[5, 2, 8]",,,,,
07_14_18,1,"[6, 2, 4]",,,,,
07_14_19,1,"[6, 2, 4]",,,,,
07_14_20,2,"[5, 3, 2]","[4, 3, 3]",,,,
07_14_21,1,"[4, 4, 8]",,,,,
07_14_22,1,"[4, 4, 4]",,,,,
07_14_23,1,"[6, 2, 5]",,,,,
07_14_24,1,"[3, 4, 4]",,,,,
07_14_25,1,"[3, 4, 3]",,,,,
07_14_26,1,"[2, 4, 4]",,,,,
07_15_16,1,"[6, -1, 2]",,,,,
07_15_17,1,"[6, -1, 4]",,,,,
07_15_18,1,"[6, -1, 4]",,,,,
07_15_19,1,"[6, -1, 4]",,,,,
07_15_20,1,"[5, -1, 2]",,,,,
07_15_21,1,"[5, -1, 6]",,,,,
07_15_22,2,"[4, -1, 4]","[5, -1, 3]",,,,
07_15_23,1,"[6, -1, 5]",,,,,
07_15_24,1,"[5, -1, 3]",,,,,
07_15_25,1,"[4, -1, 3]",,,,,
07_15_26,1,"[6, -1, 1]",,,,,
07_16_17,1,"[6, 4, 4]",,,,,
07_16_18,1,"[6, 3, 4]",,,,,
07_16_19,1,"[6, 4, 4]",,,,,
07_16_20,1,"[6, 3, 2]",,,,,
07_16_21,1,"[4, 6, 8]",,,,,
07_16_22,1,"[5, 4, 3]",,,,,
07_16_23,1,"[6, 5, 5]",,,,,
07_16_24,1,"[5, 5, 2]",,,,,
07_16_25,1,"[4, 5, 2]",,,,,
07_16_26,1,"[5, 5, 2]",,,,,
07_17_18,1,"[6, 4, 4]",,,,,
07_17_19,2,"[6, 4, 4]","[5, 8, 4]",,,,
07_17_20,1,"[6, 2, 2]",,,,,
07_17_21,1,"[5, 6, 6]",,,,,
07_17_22,1,"[5, 8, 4]",,,,,
07_17_23,1,"[6, 4, 5]",,,,,
07_17_24,1,"[5, 8, 3]",,,,,
07_17_25,1,"[5, 8, 2]",,,,,
07_17_26,1,"[5, 8, 3]",,,,,
07_18_19,1,"[6, 4, 4]",,,,,
07_18_20,1,"[6, 4, 1]",,,,,
07_18_21,1,"[6, 4, 5]",,,,,
07_18_22,1,"[6, 4, 3]",,,,,
07_18_23,1,"[6, 4, 5]",,,,,
07_18_24,2,"[6, 4, 2]","[5, 4, 3]",,,,
07_18_25,2,"[6, 4, 1]","[5, 4, 2]",,,,
07_18_26,2,"[6, 4, 2]","[5, 4, 3]",,,,
07_19_20,2,"[6, 3, 1]","[6, 2, 2]",,,,
07_19_21,1,"[6, 4, 5]",,,,,
07_19_22,1,"[6, 4, 3]",,,,,
07_19_23,1,"[6, 4, 5]",,,,,
07_19_24,2,"[6, 4, 2]","[5, 4, 3]",,,,
07_19_25,2,"[6, 4, 1]","[5, 4, 2]",,,,
07_19_26,2,"[6, 4, 2]","[5, 4, 3]",,,,
07_20_21,1,"[6, 2, 6]",,,,,
07_20_22,1,"[4, 3, 4]",,,,,
07_20_23,1,"[6, 2, 5]",,,,,
07_20_24,1,"[5, 2, 3]",,,,,
07_20_25,1,"[5, 2, 2]",,,,,
07_20_26,1,"[5, 2, 3]",,,,,
07_21_22,1,"[3, 8, 5]",,,,,
07_21_23,1,"[6, 6, 5]",,,,,
07_21_24,1,"[3, 8, 4]",,,,,
07_21_25,1,"[4, 7, 3]",,,,,
07_21_26,1,"[4, 7, 3]",,,,,
07_22_23,1,"[6, 3, 5]",,,,,
07_22_24,1,"[3, 4, 4]",,,,,
07_22_25,1,"[4, 5, 3]",,,,,
07_22_26,1,"[4, 5, 4]",,,,,
07_23_24,1,"[6, 5, 2]",,,,,
07_23_25,1,"[6, 5, 1]",,,,,
07_23_26,1,"[6, 5, 2]",,,,,
07_24_25,1,"[4, 4, 3]",,,,,
07_24_26,1,"[4, 3, 4]",,,,,
07_25_26,1,"[3, 3, 4]",,,,,
08_09_10,1,"[16, 1, 6]",,,,,
08_09_11,1,"[1, 5, 3]",,,,,
08_09_12,1,"[10, 2, 6]",,,,,
08_09_13,1,"[10, 2, 5]",,,,,
08_09_14,1,"[4, 5, 4]",,,,,
08_09_15,1,"[12, 2, -1]",,,,,
08_09_16,1,"[18, 0, 6]",,,,,
08_09_17,1,"[12, 0, 8]",,,,,
08_09_18,1,"[12, 2, 4]",,,,,
08_09_19,1,"[12, 2, 4]",,,,,
08_09_20,1,"[0, 5, 2]",,,,,
08_09_21,1,"[4, 4, 8]",,,,,
08_09_22,1,"[4, 4, 6]",,,,,
08_09_23,1,"[9, 3, 5]",,,,,
08_09_24,1,"[4, 4, 4]",,,,,
08_09_25,1,"[4, 4, 3]",,,,,
08_09_26,1,"[4, 4, 4]",,,,,
08_10_11,1,"[16, 5, 1]",,,,,
08_10_12,1,"[18, 5, 4]",,,,,
08_10_13,1,"[16, 6, 4]",,,,,
08_10_14,1,"[16, 6, 1]",,,,,
08_10_15,4,"[20, 2, -2]","[20, 3, -3]","[20, 4, -4]","[20, 5, -5]",,
08_10_16,1,"[18, 5, 6]",,,,,
08_10_17,1,"[16, 5, 4]",,,,,
08_10_18,1,"[16, 6, 2]",,,,,
08_10_19,1,"[20, 5, 4]",,,,,
08_10_20,1,"[12, 6, 1]",,,,,
08_10_21,1,"[15, 6, 6]",,,,,
08_10_22,1,"[15, 6, 3]",,,,,
08_10_23,1,"[20, 5, 5]",,,,,
08_10_24,1,"[16, 6, 2]",,,,,
08_10_25,1,"[16, 6, 1]",,,,,
08_10_26,1,"[15, 6, 2]",,,,,
08_11_12,1,"[3, 3, 6]",,,,,
08_11_13,2,"[12, 1, 4]","[20, 0, 4]",,,,
08_11_14,1,"[1, 3, 4]",,,,,
08_11_15,1,"[9, 2, -1]",,,,,
08_11_16,1,"[18, 0, 6]",,,,,
08_11_17,1,"[8, 3, 8]",,,,,
08_11_18,1,"[12, 1, 4]",,,,,
08_11_19,1,"[12, 2, 4]",,,,,
08_11_20,1,"[1, 3, 2]",,,,,
08_11_21,1,"[0, 3, 8]",,,,,
08_11_22,1,"[2, 3, 6]",,,,,
08_11_23,1,"[12, 2, 5]",,,,,
08_11_24,1,"[9, 3, 4]",,,,,
08_11_25,1,"[4, 3, 3]",,,,,
08_11_26,1,"[6, 3, 4]",,,,,
08_12_13,1,"[10, 6, 4]",,,,,
08_12_14,1,"[10, 6, 1]",,,,,
08_12_15,1,"[15, 5, -2]",,,,,
08_12_16,1,"[18, 4, 6]",,,,,
08_12_17,1,"[12, 4, 6]",,,,,
08_12_18,1,"[12, 5, 3]",,,,,
08_12_19,1,"[20, 3, 4]",,,,,
08_12_20,1,"[8, 5, 1]",,,,,
08_12_21,1,"[0, 6, 8]",,,,,
08_12_22,1,"[12, 4, 3]",,,,,
08_12_23,1,"[18, 4, 5]",,,,,
08_12_24,1,"[8, 5, 4]",,,,,
08_12_25,1,"[8, 5, 2]",,,,,
08_12_26,1,"[12, 4, 3]",,,,,
08_13_14,1,"[10, 5, 2]",,,,,
08_13_15,1,"[20, 3, -3]",,,,,
08_13_16,1,"[18, 4, 6]",,,,,
08_13_17,1,"[20, 4, 0]",,,,,
08_13_18,1,"[16, 4, 3]",,,,,
08_13_19,2,"[20, 4, 3]","[20, 3, 4]",,,,
08_13_20,1,"[12, 4, 1]",,,,,
08_13_21,1,"[6, 5, 8]",,,,,
08_13_22,1,"[12, 4, 4]",,,,,
08_13_23,1,"[20, 4, 5]",,,,,
08_13_24,1,"[10, 4, 4]",,,,,
08_13_25,2,"[10, 4, 2]","[16, 4, 1]",,,,
08_13_26,1,"[12, 4, 4]",,,,,
08_14_15,1,"[12, 2, -1]",,,,,
08_14_16,1,"[18, 0, 6]",,,,,
08_14_17,1,"[12, 0, 8]",,,,,
08_14_18,1,"[12, 2, 4]",,,,,
08_14_19,1,"[12, 2, 4]",,,,,
08_14_20,1,"[0, 4, 2]",,,,,
08_14_21,1,"[4, 4, 8]",,,,,
08_14_22,1,"[3, 4, 6]",,,,,
08_14_23,1,"[12, 2, 5]",,,,,
08_14_24,1,"[4, 3, 4]",,,,,
08_14_25,1,"[4, 4, 3]",,,,,
08_14_26,1,"[6, 3, 4]",,,,,
08_15_16,2,"[20, -2, 5]","[18, -2, 6]",,,,
08_15_17,1,"[16, -2, 4]",,,,,
08_15_18,1,"[16, -2, 4]",,,,,
08_15_19,1,"[20, -2, 4]",,,,,
08_15_20,1,"[4, -1, 2]",,,,,
08_15_21,1,"[10, -1, 7]",,,,,
08_15_22,1,"[10, -1, 4]",,,,,
08_15_23,1,"[20, -2, 5]",,,,,
08_15_24,1,"[12, -2, 4]",,,,,
08_15_25,1,"[12, -1, 2]",,,,,
08_15_26,1,"[12, -2, 3]",,,,,
08_16_17,1,"[18, 6, 0]",,,,,
08_16_18,1,"[18, 6, 0]",,,,,
08_16_19,1,"[20, 5, 4]",,,,,
08_16_20,1,"[18, 6, 0]",,,,,
08_16_21,2,"[7, 7, 8]","[14, 7, 7]",,,,
08_16_22,1,"[18, 6, 2]",,,,,
08_16_23,1,"[20, 5, 5]",,,,,
08_16_24,1,"[18, 6, 2]",,,,,
08_16_25,1,"[18, 6, 0]",,,,,
08_16_26,1,"[18, 6, 2]",,,,,
08_17_18,1,"[8, 8, 4]",,,,,
08_17_19,1,"[12, 8, 4]",,,,,
08_17_20,1,"[12, 8, 0]",,,,,
08_17_21,1,"[12, 6, 6]",,,,,
08_17_22,1,"[9, 6, 4]",,,,,
08_17_23,1,"[16, 4, 5]",,,,,
08_17_24,1,"[12, 8, 3]",,,,,
08_17_25,1,"[12, 8, 1]",,,,,
08_17_26,1,"[12, 6, 3]",,,,,
08_18_19,1,"[16, 4, 4]",,,,,
08_18_20,1,"[16, 4, 0]",,,,,
08_18_21,1,"[16, 4, 5]",,,,,
08_18_22,1,"[16, 4, 2]",,,,,
08_18_23,1,"[16, 4, 5]",,,,,
08_18_24,1,"[16, 4, 2]",,,,,
08_18_25,1,"[12, 4, 2]",,,,,
08_18_26,1,"[16, 4, 2]",,,,,
08_19_20,1,"[20, 4, 0]",,,,,
08_19_21,1,"[20, 4, 5]",,,,,
08_19_22,1,"[16, 4, 2]",,,,,
08_19_23,1,"[20, 4, 5]",,,,,
08_19_24,1,"[16, 4, 3]",,,,,
08_19_25,1,"[12, 4, 2]",,,,,
08_19_26,2,"[20, 4, 1]","[16, 4, 2]",,,,
08_20_21,1,"[6, 1, 7]",,,,,
08_20_22,1,"[0, 2, 6]",,,,,
08_20_23,1,"[12, 1, 5]",,,,,
08_20_24,1,"[6, 1, 4]",,,,,
08_20_25,1,"[3, 2, 3]",,,,,
08_20_26,1,"[3, 2, 4]",,,,,
08_21_22,1,"[3, 8, 6]",,,,,
08_21_23,1,"[18, 6, 5]",,,,,
08_21_24,1,"[6, 8, 4]",,,,,
08_21_25,1,"[8, 7, 3]",,,,,
08_21_26,1,"[8, 7, 4]",,,,,
08_22_23,1,"[16, 2, 5]",,,,,
08_22_24,1,"[8, 4, 4]",,,,,
08_22_25,1,"[6, 6, 3]",,,,,
08_22_26,1,"[9, 5, 4]",,,,,
08_23_24,1,"[20, 5, 1]",,,,,
08_23_25,1,"[16, 5, 1]",,,,,
08_23_26,1,"[16, 5, 2]",,,,,
08_24_25,1,"[6, 4, 3]",,,,,
08_24_26,1,"[12, 4, 3]",,,,,
08_25_26,1,"[6, 3, 4]",,,,,
09_10_11,1,"[5, 3, 3]",,,,,
09_10_12,1,"[4, 5, 5]",,,,,
09_10_13,1,"[3, 5, 5]",,,,,
09_10_14,1,"[5, 4, 4]",,,,,
09_10_15,2,"[5, 3, -3]","[5, 4, -4]",,,,
09_10_16,2,"[4, 5, 4]","[3, 5, 5]",,,,
09_10_17,1,"[3, 4, 6]",,,,,
09_10_18,2,"[4, 5, 2]","[3, 5, 3]",,,,
09_10_19,1,"[3, 5, 4]",,,,,
09_10_20,2,"[4, 5, 2]","[3, 5, 3]",,,,
09_10_21,1,"[4, 5, 9]",,,,,
09_10_22,1,"[5, 4, 5]",,,,,
09_10_23,1,"[3, 5, 5]",,,,,
09_10_24,1,"[5, 4, 4]",,,,,
09_10_25,1,"[4, 4, 3]",,,,,
09_10_26,1,"[5, 3, 4]",,,,,
09_11_12,1,"[4, 3, 5]",,,,,
09_11_13,1,"[5, 3, 3]",,,,,
09_11_14,1,"[5, 3, 4]",,,,,
09_11_15,1,"[4, 3, -2]",,,,,
09_11_16,1,"[5, 3, 1]",,,,,
09_11_17,1,"[4, 3, 6]",,,,,
09_11_18,2,"[4, 3, 3]","[5, 3, 2]",,,,
09_11_19,1,"[4, 3, 3]",,,,,
09_11_20,1,"[5, 2, 2]",,,,,
09_11_21,1,"[5, 3, 7]",,,,,
09_11_22,1,"[5, 3, 6]",,,,,
09_11_23,2,"[4, 3, 3]","[3, 3, 4]",,,,
09_11_24,1,"[4, 3, 5]",,,,,
09_11_25,1,"[5, 3, 3]",,,,,
09_11_26,1,"[5, 3, 4]",,,,,
09_12_13,1,"[4, 5, 4]",,,,,
09_12_14,1,"[5, 4, 4]",,,,,
09_12_15,1,"[4, 5, -2]",,,,,
09_12_16,1,"[3, 6, 5]",,,,,
09_12_17,1,"[4, 5, 2]",,,,,
09_12_18,1,"[4, 4, 2]",,,,,
09_12_19,1,"[4, 5, 1]",,,,,
09_12_20,1,"[5, 3, 2]",,,,,
09_12_21,1,"[4, 5, 8]",,,,,
09_12_22,1,"[5, 3, 6]",,,,,
09_12_23,1,"[3, 5, 4]",,,,,
09_12_24,1,"[4, 5, 5]",,,,,
09_12_25,1,"[4, 5, 3]",,,,,
09_12_26,1,"[5, 3, 4]",,,,,
09_13_14,1,"[5, 3, 4]",,,,,
09_13_15,1,"[5, 3, -3]",,,,,
09_13_16,1,"[3, 4, 5]",,,,,
09_13_17,1,"[5, 4, 0]",,,,,
09_13_18,1,"[4, 4, 2]",,,,,
09_13_19,1,"[4, 4, 3]",,,,,
09_13_20,1,"[5, 3, 2]",,,,,
09_13_21,1,"[4, 4, 9]",,,,,
09_13_22,1,"[5, 3, 6]",,,,,
09_13_23,1,"[4, 4, 4]",,,,,
09_13_24,1,"[5, 4, 4]",,,,,
09_13_25,2,"[4, 4, 3]","[5, 3, 3]",,,,
09_13_26,1,"[4, 4, 4]",,,,,
09_14_15,1,"[5, 4, -3]",,,,,
09_14_16,1,"[5, 4, 3]",,,,,
09_14_17,1,"[5, 4, 4]",,,,,
09_14_18,1,"[5, 4, 2]",,,,,
09_14_19,1,"[5, 4, 2]",,,,,
09_14_20,1,"[5, 4, 2]",,,,,
09_14_21,1,"[5, 4, 8]",,,,,
09_14_22,1,"[5, 4, 6]",,,,,
09_14_23,1,"[5, 4, 3]",,,,,
09_14_24,1,"[5, 4, 4]",,,,,
09_14_25,1,"[5, 4, 3]",,,,,
09_14_26,1,"[5, 4, 4]",,,,,
09_15_16,1,"[3, -1, 4]",,,,,
09_15_17,2,"[4, -2, 6]","[3, -1, 6]",,,,
09_15_18,2,"[3, -1, 3]","[2, -1, 4]",,,,
09_15_19,1,"[2, -1, 4]",,,,,
09_15_20,1,"[4, -2, 2]",,,,,
09_15_21,1,"[4, -2, 8]",,,,,
09_15_22,2,"[5, -3, 6]","[4, -2, 6]",,,,
09_15_23,1,"[2, -1, 5]",,,,,
09_15_24,1,"[4, -2, 4]",,,,,
09_15_25,1,"[4, -2, 3]",,,,,
09_15_26,2,"[5, -3, 4]","[4, -2, 4]",,,,
09_16_17,1,"[3, 2, 4]",,,,,
09_16_18,1,"[3, 3, 3]",,,,,
09_16_19,1,"[3, 2, 4]",,,,,
09_16_20,1,"[5, 0, 2]",,,,,
09_16_21,1,"[4, 4, 8]",,,,,
09_16_22,1,"[5, 2, 6]",,,,,
09_16_23,1,"[3, 3, 5]",,,,,
09_16_24,1,"[4, 4, 4]",,,,,
09_16_25,1,"[5, 2, 3]",,,,,
09_16_26,1,"[5, 2, 4]",,,,,
09_17_18,1,"[2, 8, 4]",,,,,
09_17_19,1,"[3, 8, 4]",,,,,
09_17_20,1,"[5, 0, 2]",,,,,
09_17_21,1,"[5, 2, 7]",,,,,
09_17_22,1,"[5, 2, 6]",,,,,
09_17_23,1,"[3, 8, 4]",,,,,
09_17_24,1,"[4, 4, 4]",,,,,
09_17_25,1,"[5, 4, 3]",,,,,
09_17_26,1,"[4, 4, 4]",,,,,
09_18_19,1,"[3, 4, 4]",,,,,
09_18_20,2,"[5, 1, 2]","[4, 2, 2]",,,,
09_18_21,1,"[5, 2, 6]",,,,,
09_18_22,2,"[5, 1, 6]","[5, 2, 5]",,,,
09_18_23,1,"[3, 4, 5]",,,,,
09_18_24,1,"[4, 2, 4]",,,,,
09_18_25,2,"[5, 2, 3]","[4, 3, 3]",,,,
09_18_26,3,"[5, 1, 4]","[4, 2, 4]","[3, 3, 4]",,,
09_19_20,1,"[5, 0, 2]",,,,,
09_19_21,1,"[5, 2, 6]",,,,,
09_19_22,2,"[5, 1, 6]","[5, 2, 5]",,,,
09_19_23,1,"[3, 4, 5]",,,,,
09_19_24,1,"[4, 2, 4]",,,,,
09_19_25,2,"[4, 3, 3]","[5, 2, 3]",,,,
09_19_26,3,"[5, 1, 4]","[4, 2, 4]","[3, 3, 4]",,,
09_20_21,1,"[5, 1, 7]",,,,,
09_20_22,1,"[5, 1, 6]",,,,,
09_20_23,1,"[4, 3, 4]",,,,,
09_20_24,2,"[4, 2, 4]","[5, 2, 3]",,,,
09_20_25,2,"[5, 1, 3]","[4, 2, 3]",,,,
09_20_26,2,"[5, 1, 4]","[4, 2, 4]",,,,
09_21_22,1,"[5, 7, 6]",,,,,
09_21_23,1,"[5, 7, 3]",,,,,
09_21_24,1,"[4, 8, 5]",,,,,
09_21_25,1,"[4, 9, 3]",,,,,
09_21_26,1,"[5, 7, 4]",,,,,
09_22_23,1,"[5, 4, 3]",,,,,
09_22_24,1,"[5, 6, 3]",,,,,
09_22_25,1,"[5, 6, 3]",,,,,
09_22_26,1,"[5, 6, 4]",,,,,
09_23_24,1,"[5, 2, 4]",,,,,
09_23_25,1,"[5, 2, 3]",,,,,
09_23_26,1,"[5, 1, 4]",,,,,
09_24_25,1,"[4, 5, 3]",,,,,
09_24_26,1,"[5, 3, 4]",,,,,
09_25_26,1,"[5, 3, 4]",,,,,
10_11_12,1,"[3, 3, 6]",,,,,
10_11_13,1,"[5, 2, 4]",,,,,
10_11_14,2,"[3, 3, 4]","[4, 2, 4]",,,,
10_11_15,4,"[3, 3, -3]","[4, 3, -4]","[2, 3, -2]","[1, 3, -1]",,
10_11_16,1,"[5, 0, 6]",,,,,
10_11_17,1,"[4, 3, 8]",,,,,
10_11_18,1,"[3, 3, 4]",,,,,
10_11_19,2,"[4, 3, 4]","[5, 2, 4]",,,,
10_11_20,1,"[5, 0, 3]",,,,,
10_11_21,1,"[5, 1, 9]",,,,,
10_11_22,1,"[4, 3, 5]",,,,,
10_11_23,1,"[5, 2, 5]",,,,,
10_11_24,2,"[3, 3, 5]","[4, 3, 4]",,,,
10_11_25,1,"[4, 3, 3]",,,,,
10_11_26,1,"[3, 3, 4]",,,,,
10_12_13,1,"[5, 4, 5]",,,,,
10_12_14,1,"[5, 5, 3]",,,,,
10_12_15,2,"[4, 6, -4]","[3, 6, -3]",,,,
10_12_16,1,"[5, 5, 5]",,,,,
10_12_17,1,"[4, 4, 6]",,,,,
10_12_18,1,"[5, 4, 3]",,,,,
10_12_19,1,"[5, 4, 4]",,,,,
10_12_20,1,"[5, 5, 2]",,,,,
10_12_21,1,"[5, 5, 9]",,,,,
10_12_22,2,"[5, 4, 4]","[5, 5, 3]",,,,
10_12_23,1,"[5, 5, 5]",,,,,
10_12_24,1,"[4, 5, 5]",,,,,
10_12_25,1,"[5, 5, 2]",,,,,
10_12_26,1,"[5, 3, 3]",,,,,
10_13_14,1,"[5, 5, 3]",,,,,
10_13_15,1,"[5, 5, -5]",,,,,
10_13_16,1,"[6, 4, 4]",,,,,
10_13_17,1,"[5, 4, 3]",,,,,
10_13_18,1,"[6, 4, 2]",,,,,
10_13_19,1,"[6, 4, 3]",,,,,
10_13_20,1,"[6, 4, 1]",,,,,
10_13_21,1,"[6, 4, 8]",,,,,
10_13_22,1,"[6, 4, 3]",,,,,
10_13_23,1,"[6, 4, 5]",,,,,
10_13_24,1,"[6, 4, 3]",,,,,
10_13_25,1,"[6, 4, 2]",,,,,
10_13_26,2,"[5, 4, 3]","[5, 5, 2]",,,,
10_14_15,3,"[4, 4, -4]","[3, 4, -3]","[5, 4, -5]",,,
10_14_16,1,"[5, 4, 4]",,,,,
10_14_17,1,"[5, 4, 0]",,,,,
10_14_18,1,"[5, 3, 3]",,,,,
10_14_19,1,"[5, 3, 3]",,,,,
10_14_20,1,"[5, 3, 2]",,,,,
10_14_21,1,"[5, 4, 9]",,,,,
10_14_22,1,"[5, 4, 5]",,,,,
10_14_23,1,"[6, 1, 5]",,,,,
10_14_24,1,"[5, 4, 3]",,,,,
10_14_25,1,"[4, 4, 3]",,,,,
10_14_26,1,"[5, 4, 3]",,,,,
10_15_16,3,"[3, -3, 7]","[2, -2, 7]","[4, -4, 7]",,,
10_15_17,3,"[4, -4, 8]","[3, -3, 8]","[2, -2, 8]",,,
10_15_18,5,"[2, -2, 4]","[3, -3, 4]","[4, -4, 4]","[5, -5, 4]","[1, -1, 4]",
10_15_19,5,"[2, -2, 4]","[3, -3, 4]","[4, -4, 4]","[5, -5, 4]","[1, -1, 4]",
10_15_20,3,"[3, -3, 3]","[4, -4, 3]","[5, -5, 3]",,,
10_15_21,3,"[4, -4, 9]","[5, -5, 9]","[3, -3, 9]",,,
10_15_22,3,"[4, -4, 6]","[3, -3, 6]","[2, -2, 6]",,,
10_15_23,6,"[2, -2, 5]","[3, -3, 5]","[4, -4, 5]","[5, -5, 5]","[6, -6, 5]","[1, -1, 5]"
10_15_24,2,"[3, -3, 5]","[4, -4, 5]",,,,
10_15_25,5,"[4, -4, 3]","[5, -5, 3]","[3, -3, 3]","[2, -2, 3]","[1, -1, 3]",
10_15_26,3,"[4, -4, 4]","[3, -3, 4]","[2, -2, 4]",,,
10_16_17,1,"[5, 6, 0]",,,,,
10_16_18,1,"[5, 4, 3]",,,,,
10_16_19,1,"[5, 5, 3]",,,,,
10_16_20,1,"[5, 5, 1]",,,,,
10_16_21,1,"[5, 6, 8]",,,,,
10_16_22,1,"[5, 4, 5]",,,,,
10_16_23,1,"[5, 6, 5]",,,,,
10_16_24,1,"[5, 5, 3]",,,,,
10_16_25,1,"[5, 4, 3]",,,,,
10_16_26,1,"[5, 6, 2]",,,,,
10_17_18,1,"[3, 8, 4]",,,,,
10_17_19,1,"[4, 8, 4]",,,,,
10_17_20,1,"[5, 2, 2]",,,,,
10_17_21,1,"[6, 0, 8]",,,,,
10_17_22,1,"[4, 6, 5]",,,,,
10_17_23,1,"[5, 4, 5]",,,,,
10_17_24,1,"[4, 4, 4]",,,,,
10_17_25,1,"[4, 6, 3]",,,,,
10_17_26,1,"[4, 6, 4]",,,,,
10_18_19,1,"[5, 4, 4]",,,,,
10_18_20,1,"[5, 2, 2]",,,,,
10_18_21,1,"[6, 1, 8]",,,,,
10_18_22,2,"[5, 3, 4]","[5, 4, 3]",,,,
10_18_23,1,"[5, 4, 5]",,,,,
10_18_24,1,"[5, 3, 3]",,,,,
10_18_25,1,"[5, 2, 3]",,,,,
10_18_26,1,"[5, 3, 3]",,,,,
10_19_20,1,"[5, 3, 1]",,,,,
10_19_21,1,"[6, 2, 7]",,,,,
10_19_22,1,"[5, 4, 3]",,,,,
10_19_23,1,"[5, 4, 5]",,,,,
10_19_24,1,"[5, 3, 3]",,,,,
10_19_25,1,"[5, 3, 3]",,,,,
10_19_26,1,"[5, 3, 3]",,,,,
10_20_21,1,"[6, 1, 7]",,,,,
10_20_22,1,"[5, 3, 3]",,,,,
10_20_23,2,"[6, 1, 5]","[5, 2, 5]",,,,
10_20_24,1,"[5, 2, 3]",,,,,
10_20_25,1,"[5, 1, 3]",,,,,
10_20_26,1,"[5, 2, 3]",,,,,
10_21_22,1,"[5, 9, 4]",,,,,
10_21_23,1,"[6, 7, 4]",,,,,
10_21_24,2,"[5, 9, 3]","[4, 9, 4]",,,,
10_21_25,1,"[5, 8, 3]",,,,,
10_21_26,1,"[5, 8, 3]",,,,,
10_22_23,1,"[6, 2, 5]",,,,,
10_22_24,1,"[5, 4, 4]",,,,,
10_22_25,1,"[5, 5, 3]",,,,,
10_22_26,1,"[4, 6, 4]",,,,,
10_23_24,1,"[6, 5, 2]",,,,,
10_23_25,1,"[6, 4, 2]",,,,,
10_23_26,1,"[6, 5, 1]",,,,,
10_24_25,1,"[4, 5, 3]",,,,,
10_24_26,1,"[5, 3, 3]",,,,,
10_25_26,2,"[4, 3, 4]","[5, 3, 3]",,,,
11_12_13,1,"[3, 6, 3]",,,,,
11_12_14,1,"[3, 5, 3]",,,,,
11_12_15,1,"[3, 5, -2]",,,,,
11_12_16,1,"[3, 6, 3]",,,,,
11_12_17,1,"[3, 5, 6]",,,,,
11_12_18,1,"[3, 5, 3]",,,,,
11_12_19,1,"[3, 5, 3]",,,,,
11_12_20,2,"[3, 6, 1]","[3, 5, 2]",,,,
11_12_21,1,"[3, 6, 8]",,,,,
11_12_22,1,"[3, 5, 4]",,,,,
11_12_23,1,"[3, 5, 4]",,,,,
11_12_24,1,"[3, 6, 4]",,,,,
11_12_25,1,"[3, 5, 3]",,,,,
11_12_26,1,"[3, 5, 3]",,,,,
11_13_14,1,"[3, 2, 4]",,,,,
11_13_15,2,"[3, 3, -3]","[3, 2, -2]",,,,
11_13_16,1,"[0, 4, 6]",,,,,
11_13_17,1,"[3, 3, 6]",,,,,
11_13_18,1,"[3, 2, 4]",,,,,
11_13_19,1,"[3, 2, 4]",,,,,
11_13_20,2,"[1, 4, 2]","[2, 3, 2]",,,,
11_13_21,1,"[1, 4, 9]",,,,,
11_13_22,1,"[3, 3, 6]",,,,,
11_13_23,1,"[1, 4, 5]",,,,,
11_13_24,1,"[3, 3, 5]",,,,,
11_13_25,1,"[3, 3, 3]",,,,,
11_13_26,1,"[3, 3, 4]",,,,,
11_14_15,1,"[3, 3, -2]",,,,,
11_14_16,1,"[3, 4, 1]",,,,,
11_14_17,1,"[3, 3, 6]",,,,,
11_14_18,1,"[3, 3, 3]",,,,,
11_14_19,1,"[3, 3, 3]",,,,,
11_14_20,1,"[2, 4, 2]",,,,,
11_14_21,1,"[3, 4, 7]",,,,,
11_14_22,1,"[3, 4, 6]",,,,,
11_14_23,2,"[3, 3, 3]","[3, 2, 4]",,,,
11_14_24,1,"[3, 3, 5]",,,,,
11_14_25,1,"[3, 4, 3]",,,,,
11_14_26,1,"[3, 4, 4]",,,,,
11_15_16,1,"[2, -1, 4]",,,,,
11_15_17,1,"[3, -1, 6]",,,,,
11_15_18,1,"[3, -2, 4]",,,,,
11_15_19,1,"[3, -1, 3]",,,,,
11_15_20,1,"[3, -1, 2]",,,,,
11_15_21,1,"[3, -1, 6]",,,,,
11_15_22,1,"[3, -1, 5]",,,,,
11_15_23,1,"[2, -1, 5]",,,,,
11_15_24,1,"[3, -2, 4]",,,,,
11_15_25,1,"[3, -1, 3]",,,,,
11_15_26,2,"[3, -2, 4]","[3, -1, 3]",,,,
11_16_17,1,"[3, 2, 8]",,,,,
11_16_18,1,"[3, 0, 4]",,,,,
11_16_19,1,"[3, 2, 4]",,,,,
11_16_20,1,"[3, 1, 2]",,,,,
11_16_21,1,"[2, 5, 8]",,,,,
11_16_22,1,"[3, 1, 6]",,,,,
11_16_23,1,"[2, 4, 5]",,,,,
11_16_24,1,"[3, 2, 5]",,,,,
11_16_25,1,"[3, 3, 3]",,,,,
11_16_26,1,"[3, 2, 4]",,,,,
11_17_18,1,"[3, 8, 4]",,,,,
11_17_19,1,"[3, 8, 4]",,,,,
11_17_20,1,"[3, 6, 1]",,,,,
11_17_21,1,"[3, 8, 4]",,,,,
11_17_22,2,"[3, 6, 5]","[3, 8, 4]",,,,
11_17_23,1,"[3, 8, 4]",,,,,
11_17_24,1,"[3, 6, 4]",,,,,
11_17_25,1,"[3, 6, 3]",,,,,
11_17_26,1,"[3, 6, 4]",,,,,
11_18_19,1,"[3, 4, 4]",,,,,
11_18_20,1,"[3, 4, 0]",,,,,
11_18_21,1,"[3, 4, 4]",,,,,
11_18_22,1,"[3, 3, 5]",,,,,
11_18_23,1,"[2, 4, 5]",,,,,
11_18_24,1,"[3, 3, 4]",,,,,
11_18_25,1,"[3, 3, 3]",,,,,
11_18_26,1,"[3, 2, 4]",,,,,
11_19_20,1,"[3, 3, 1]",,,,,
11_19_21,1,"[3, 4, 4]",,,,,
11_19_22,1,"[3, 3, 5]",,,,,
11_19_23,1,"[3, 4, 4]",,,,,
11_19_24,1,"[3, 3, 4]",,,,,
11_19_25,1,"[3, 3, 3]",,,,,
11_19_26,1,"[3, 3, 4]",,,,,
11_20_21,1,"[3, 2, 6]",,,,,
11_20_22,2,"[3, 1, 6]","[2, 2, 6]",,,,
11_20_23,1,"[2, 2, 5]",,,,,
11_20_24,2,"[3, 1, 5]","[3, 2, 4]",,,,
11_20_25,1,"[3, 2, 3]",,,,,
11_20_26,2,"[3, 1, 4]","[2, 2, 4]",,,,
11_21_22,1,"[3, 7, 6]",,,,,
11_21_23,1,"[3, 5, 4]",,,,,
11_21_24,1,"[3, 8, 5]",,,,,
11_21_25,1,"[3, 8, 3]",,,,,
11_21_26,1,"[3, 7, 4]",,,,,
11_22_23,1,"[3, 4, 4]",,,,,
11_22_24,1,"[3, 4, 5]",,,,,
11_22_25,1,"[3, 6, 3]",,,,,
11_22_26,1,"[3, 6, 4]",,,,,
11_23_24,1,"[3, 3, 4]",,,,,
11_23_25,1,"[3, 3, 3]",,,,,
11_23_26,2,"[3, 3, 4]","[3, 4, 3]",,,,
11_24_25,1,"[3, 5, 3]",,,,,
11_24_26,1,"[3, 5, 3]",,,,,
11_25_26,1,"[3, 3, 4]",,,,,
12_13_14,1,"[5, 4, 3]",,,,,
12_13_15,1,"[6, 3, -3]",,,,,
12_13_16,1,"[6, 4, 2]",,,,,
12_13_17,1,"[6, 4, 0]",,,,,
12_13_18,1,"[6, 4, 2]",,,,,
12_13_19,1,"[6, 4, 2]",,,,,
12_13_20,1,"[6, 4, 1]",,,,,
12_13_21,1,"[5, 4, 9]",,,,,
12_13_22,1,"[5, 4, 3]",,,,,
12_13_23,1,"[6, 4, 4]",,,,,
12_13_24,1,"[6, 3, 4]",,,,,
12_13_25,1,"[4, 4, 3]",,,,,
12_13_26,1,"[4, 4, 3]",,,,,
12_14_15,1,"[5, 3, -2]",,,,,
12_14_16,1,"[5, 2, 6]",,,,,
12_14_17,1,"[5, 3, 2]",,,,,
12_14_18,1,"[4, 3, 2]",,,,,
12_14_19,1,"[4, 3, 2]",,,,,
12_14_20,1,"[3, 4, 2]",,,,,
12_14_21,1,"[3, 4, 9]",,,,,
12_14_22,1,"[3, 4, 6]",,,,,
12_14_23,1,"[5, 2, 4]",,,,,
12_14_24,1,"[5, 3, 5]",,,,,
12_14_25,1,"[5, 3, 3]",,,,,
12_14_26,1,"[3, 4, 4]",,,,,
12_15_16,1,"[5, -2, 6]",,,,,
12_15_17,1,"[4, -2, 8]",,,,,
12_15_18,1,"[3, -1, 4]",,,,,
12_15_19,1,"[3, -1, 4]",,,,,
12_15_20,1,"[5, -2, 2]",,,,,
12_15_21,2,"[6, -3, 8]","[5, -2, 8]",,,,
12_15_22,1,"[3, -1, 5]",,,,,
12_15_23,1,"[5, -2, 5]",,,,,
12_15_24,2,"[5, -2, 4]","[6, -3, 4]",,,,
12_15_25,1,"[3, -1, 3]",,,,,
12_15_26,2,"[4, -2, 3]","[3, -1, 3]",,,,
12_16_17,1,"[5, 5, 2]",,,,,
12_16_18,1,"[5, 6, 2]",,,,,
12_16_19,1,"[5, 5, 3]",,,,,
12_16_20,1,"[5, 6, 1]",,,,,
12_16_21,1,"[5, 7, 8]",,,,,
12_16_22,1,"[5, 5, 3]",,,,,
12_16_23,1,"[5, 5, 5]",,,,,
12_16_24,1,"[5, 5, 4]",,,,,
12_16_25,1,"[5, 5, 2]",,,,,
12_16_26,1,"[5, 5, 2]",,,,,
12_17_18,1,"[3, 8, 4]",,,,,
12_17_19,1,"[4, 8, 4]",,,,,
12_17_20,1,"[5, 4, 1]",,,,,
12_17_21,1,"[6, 2, 7]",,,,,
12_17_22,1,"[4, 4, 4]",,,,,
12_17_23,1,"[5, 6, 4]",,,,,
12_17_24,1,"[5, 4, 4]",,,,,
12_17_25,1,"[5, 2, 3]",,,,,
12_17_26,1,"[4, 6, 3]",,,,,
12_18_19,1,"[3, 4, 4]",,,,,
12_18_20,1,"[5, 1, 2]",,,,,
12_18_21,1,"[6, 2, 6]",,,,,
12_18_22,1,"[3, 3, 4]",,,,,
12_18_23,1,"[3, 4, 5]",,,,,
12_18_24,1,"[5, 2, 4]",,,,,
12_18_25,1,"[3, 3, 3]",,,,,
12_18_26,1,"[3, 3, 4]",,,,,
12_19_20,1,"[5, 2, 1]",,,,,
12_19_21,1,"[6, 2, 6]",,,,,
12_19_22,1,"[4, 3, 3]",,,,,
12_19_23,1,"[4, 4, 5]",,,,,
12_19_24,1,"[5, 2, 4]",,,,,
12_19_25,1,"[5, 1, 3]",,,,,
12_19_26,1,"[3, 4, 3]",,,,,
12_20_21,1,"[6, 1, 7]",,,,,
12_20_22,2,"[3, 2, 5]","[4, 2, 4]",,,,
12_20_23,1,"[5, 2, 4]",,,,,
12_20_24,1,"[5, 2, 4]",,,,,
12_20_25,1,"[4, 2, 3]",,,,,
12_20_26,1,"[3, 2, 4]",,,,,
12_21_22,1,"[5, 9, 3]",,,,,
12_21_23,1,"[6, 6, 4]",,,,,
12_21_24,1,"[6, 8, 4]",,,,,
12_21_25,1,"[4, 9, 3]",,,,,
12_21_26,1,"[5, 9, 2]",,,,,
12_22_23,1,"[5, 0, 5]",,,,,
12_22_24,1,"[5, 4, 5]",,,,,
12_22_25,2,"[4, 5, 3]","[5, 4, 3]",,,,
12_22_26,1,"[3, 6, 4]",,,,,
12_23_24,1,"[6, 1, 4]",,,,,
12_23_25,1,"[5, 3, 2]",,,,,
12_23_26,1,"[3, 4, 3]",,,,,
12_24_25,1,"[5, 5, 3]",,,,,
12_24_26,1,"[5, 5, 3]",,,,,
12_25_26,1,"[3, 3, 4]",,,,,
13_14_15,1,"[3, 4, -3]",,,,,
13_14_16,1,"[4, 3, 4]",,,,,
13_14_17,1,"[3, 3, 4]",,,,,
13_14_18,1,"[4, 3, 2]",,,,,
13_14_19,1,"[4, 3, 3]",,,,,
13_14_20,1,"[3, 4, 2]",,,,,
13_14_21,1,"[3, 4, 9]",,,,,
13_14_22,1,"[4, 3, 6]",,,,,
13_14_23,1,"[4, 3, 4]",,,,,
13_14_24,1,"[3, 4, 4]",,,,,
13_14_25,1,"[3, 4, 3]",,,,,
13_14_26,1,"[4, 3, 4]",,,,,
13_15_16,1,"[2, -3, 7]",,,,,
13_15_17,1,"[2, -2, 8]",,,,,
13_15_18,1,"[2, -2, 4]",,,,,
13_15_19,1,"[3, -3, 4]",,,,,
13_15_20,1,"[2, -3, 3]",,,,,
13_15_21,1,"[3, -3, 9]",,,,,
13_15_22,2,"[3, -3, 6]","[2, -2, 6]",,,,
13_15_23,2,"[3, -3, 5]","[4, -4, 5]",,,,
13_15_24,1,"[3, -3, 5]",,,,,
13_15_25,1,"[3, -3, 3]",,,,,
13_15_26,2,"[3, -3, 4]","[2, -2, 4]",,,,
13_16_17,1,"[4, 6, 0]",,,,,
13_16_18,1,"[4, 3, 4]",,,,,
13_16_19,1,"[4, 5, 3]",,,,,
13_16_20,1,"[4, 3, 2]",,,,,
13_16_21,1,"[4, 5, 8]",,,,,
13_16_22,1,"[4, 3, 5]",,,,,
13_16_23,1,"[4, 6, 5]",,,,,
13_16_24,1,"[4, 2, 4]",,,,,
13_16_25,1,"[4, 4, 3]",,,,,
13_16_26,2,"[4, 2, 4]","[4, 5, 2]",,,,
13_17_18,1,"[2, 8, 4]",,,,,
13_17_19,1,"[3, 8, 4]",,,,,
13_17_20,1,"[4, 1, 2]",,,,,
13_17_21,1,"[5, 0, 8]",,,,,
13_17_22,1,"[3, 4, 6]",,,,,
13_17_23,1,"[4, 3, 5]",,,,,
13_17_24,1,"[3, 6, 4]",,,,,
13_17_25,1,"[3, 6, 3]",,,,,
13_17_26,2,"[4, 3, 4]","[3, 6, 4]",,,,
13_18_19,1,"[4, 4, 4]",,,,,
13_18_20,1,"[4, 3, 1]",,,,,
13_18_21,1,"[5, 1, 8]",,,,,
13_18_22,1,"[4, 4, 3]",,,,,
13_18_23,1,"[4, 4, 5]",,,,,
13_18_24,1,"[4, 2, 4]",,,,,
13_18_25,1,"[4, 4, 1]",,,,,
13_18_26,1,"[4, 2, 4]",,,,,
13_19_20,1,"[4, 2, 2]",,,,,
13_19_21,1,"[5, 1, 8]",,,,,
13_19_22,2,"[4, 3, 4]","[4, 4, 3]",,,,
13_19_23,1,"[4, 4, 5]",,,,,
13_19_24,1,"[4, 2, 4]",,,,,
13_19_25,1,"[4, 2, 3]",,,,,
13_19_26,1,"[4, 2, 4]",,,,,
13_20_21,1,"[5, 1, 8]",,,,,
13_20_22,1,"[4, 2, 5]",,,,,
13_20_23,1,"[4, 2, 5]",,,,,
13_20_24,1,"[4, 2, 3]",,,,,
13_20_25,1,"[3, 2, 3]",,,,,
13_20_26,1,"[4, 2, 4]",,,,,
13_21_22,1,"[4, 8, 6]",,,,,
13_21_23,1,"[5, 8, 3]",,,,,
13_21_24,1,"[4, 9, 4]",,,,,
13_21_25,1,"[4, 9, 3]",,,,,
13_21_26,1,"[4, 8, 4]",,,,,
13_22_23,1,"[4, 4, 4]",,,,,
13_22_24,1,"[4, 4, 4]",,,,,
13_22_25,1,"[4, 6, 3]",,,,,
13_22_26,1,"[4, 6, 4]",,,,,
13_23_24,2,"[5, 3, 3]","[4, 4, 3]",,,,
13_23_25,1,"[4, 4, 2]",,,,,
13_23_26,1,"[4, 4, 3]",,,,,
13_24_25,2,"[4, 4, 3]","[3, 5, 3]",,,,
13_24_26,1,"[4, 3, 4]",,,,,
13_25_26,1,"[4, 3, 4]",,,,,
14_15_16,1,"[3, -2, 5]",,,,,
14_15_17,1,"[3, -2, 6]",,,,,
14_15_18,1,"[1, -1, 4]",,,,,
14_15_19,1,"[1, -1, 4]",,,,,
14_15_20,1,"[3, -2, 2]",,,,,
14_15_21,1,"[4, -3, 8]",,,,,
14_15_22,2,"[4, -3, 6]","[3, -2, 6]",,,,
14_15_23,1,"[1, -1, 5]",,,,,
14_15_24,1,"[3, -2, 4]",,,,,
14_15_25,1,"[3, -2, 3]",,,,,
14_15_26,2,"[4, -3, 4]","[3, -2, 4]",,,,
14_16_17,1,"[3, 2, 4]",,,,,
14_16_18,1,"[3, 4, 2]",,,,,
14_16_19,1,"[2, 4, 3]",,,,,
14_16_20,1,"[4, 0, 2]",,,,,
14_16_21,1,"[4, 4, 8]",,,,,
14_16_22,1,"[4, 4, 5]",,,,,
14_16_23,1,"[2, 5, 4]",,,,,
14_16_24,1,"[3, 4, 4]",,,,,
14_16_25,1,"[4, 3, 3]",,,,,
14_16_26,1,"[4, 3, 4]",,,,,
14_17_18,1,"[2, 8, 4]",,,,,
14_17_19,1,"[2, 8, 4]",,,,,
14_17_20,1,"[4, 0, 2]",,,,,
14_17_21,1,"[4, 1, 8]",,,,,
14_17_22,1,"[4, 2, 6]",,,,,
14_17_23,1,"[2, 8, 4]",,,,,
14_17_24,1,"[3, 4, 4]",,,,,
14_17_25,1,"[4, 4, 3]",,,,,
14_17_26,1,"[3, 4, 4]",,,,,
14_18_19,1,"[2, 4, 4]",,,,,
14_18_20,2,"[4, 1, 2]","[3, 2, 2]",,,,
14_18_21,1,"[4, 2, 7]",,,,,
14_18_22,2,"[4, 2, 5]","[4, 1, 6]",,,,
14_18_23,1,"[2, 4, 5]",,,,,
14_18_24,1,"[3, 2, 4]",,,,,
14_18_25,2,"[4, 2, 3]","[3, 3, 3]",,,,
14_18_26,1,"[4, 1, 4]",,,,,
14_19_20,1,"[4, 0, 2]",,,,,
14_19_21,1,"[4, 2, 7]",,,,,
14_19_22,2,"[4, 1, 6]","[4, 2, 5]",,,,
14_19_23,1,"[2, 4, 5]",,,,,
14_19_24,1,"[3, 2, 4]",,,,,
14_19_25,2,"[4, 2, 3]","[3, 3, 3]",,,,
14_19_26,1,"[4, 1, 4]",,,,,
14_20_21,1,"[4, 2, 7]",,,,,
14_20_22,1,"[4, 2, 5]",,,,,
14_20_23,1,"[3, 3, 4]",,,,,
14_20_24,1,"[4, 2, 3]",,,,,
14_20_25,1,"[4, 2, 3]",,,,,
14_20_26,3,"[4, 1, 4]","[3, 2, 4]","[4, 2, 3]",,,
14_21_22,1,"[4, 9, 5]",,,,,
14_21_23,1,"[4, 8, 3]",,,,,
14_21_24,1,"[3, 9, 4]",,,,,
14_21_25,1,"[4, 9, 3]",,,,,
14_21_26,2,"[4, 8, 4]","[4, 9, 3]",,,,
14_22_23,1,"[4, 4, 3]",,,,,
14_22_24,1,"[4, 6, 3]",,,,,
14_22_25,1,"[4, 6, 3]",,,,,
14_22_26,1,"[4, 6, 4]",,,,,
14_23_24,1,"[4, 2, 4]",,,,,
14_23_25,1,"[4, 2, 3]",,,,,
14_23_26,1,"[4, 1, 4]",,,,,
14_24_25,1,"[3, 5, 3]",,,,,
14_24_26,1,"[4, 3, 4]",,,,,
14_25_26,1,"[4, 3, 4]",,,,,
15_16_17,1,"[-2, 4, 4]",,,,,
15_16_18,1,"[-1, 4, 3]",,,,,
15_16_19,1,"[-2, 5, 4]",,,,,
15_16_20,1,"[-1, 4, 2]",,,,,
15_16_21,1,"[-2, 7, 8]",,,,,
15_16_22,1,"[-1, 5, 4]",,,,,
15_16_23,1,"[-2, 5, 5]",,,,,
15_16_24,1,"[-2, 5, 4]",,,,,
15_16_25,2,"[-1, 5, 2]","[-2, 5, 3]",,,,
15_16_26,1,"[-1, 5, 2]",,,,,
15_17_18,1,"[-2, 8, 4]",,,,,
15_17_19,1,"[-2, 8, 4]",,,,,
15_17_20,1,"[-1, 2, 2]",,,,,
15_17_21,2,"[-1, 4, 6]","[-1, 6, 5]",,,,
15_17_22,2,"[-1, 4, 5]","[-1, 6, 4]",,,,
15_17_23,1,"[-1, 4, 5]",,,,,
15_17_24,1,"[-2, 6, 4]",,,,,
15_17_25,1,"[-1, 6, 3]",,,,,
15_17_26,1,"[-2, 6, 3]",,,,,
15_18_19,1,"[-1, 4, 4]",,,,,
15_18_20,1,"[-1, 2, 2]",,,,,
15_18_21,1,"[-1, 3, 6]",,,,,
15_18_22,1,"[-1, 2, 5]",,,,,
15_18_23,1,"[-1, 4, 5]",,,,,
15_18_24,2,"[-1, 3, 3]","[-1, 4, 2]",,,,
15_18_25,1,"[-1, 2, 3]",,,,,
15_18_26,1,"[-1, 4, 1]",,,,,
15_19_20,1,"[-1, 3, 1]",,,,,
15_19_21,1,"[-1, 3, 6]",,,,,
15_19_22,1,"[-1, 3, 4]",,,,,
15_19_23,1,"[-1, 4, 5]",,,,,
15_19_24,2,"[-1, 3, 3]","[-1, 4, 2]",,,,
15_19_25,1,"[-1, 3, 3]",,,,,
15_19_26,1,"[-1, 4, 1]",,,,,
15_20_21,1,"[-1, 2, 7]",,,,,
15_20_22,1,"[-1, 2, 5]",,,,,
15_20_23,1,"[-2, 2, 5]",,,,,
15_20_24,1,"[-2, 2, 4]",,,,,
15_20_25,1,"[-1, 2, 3]",,,,,
15_20_26,1,"[-1, 2, 3]",,,,,
15_21_22,1,"[-2, 7, 5]",,,,,
15_21_23,1,"[-1, 6, 4]",,,,,
15_21_24,1,"[-3, 8, 5]",,,,,
15_21_25,1,"[-2, 8, 3]",,,,,
15_21_26,1,"[-2, 7, 3]",,,,,
15_22_23,2,"[-1, 4, 3]","[-1, 3, 4]",,,,
15_22_24,1,"[-2, 5, 4]",,,,,
15_22_25,1,"[-1, 5, 3]",,,,,
15_22_26,1,"[-2, 6, 4]",,,,,
15_23_24,1,"[-1, 4, 3]",,,,,
15_23_25,1,"[-1, 3, 3]",,,,,
15_23_26,1,"[-1, 5, 1]",,,,,
15_24_25,1,"[-2, 4, 3]",,,,,
15_24_26,1,"[-2, 4, 3]",,,,,
15_25_26,1,"[-2, 3, 4]",,,,,
16_17_18,1,"[2, 8, 4]",,,,,
16_17_19,1,"[3, 8, 4]",,,,,
16_17_20,1,"[3, 4, 1]",,,,,
16_17_21,2,"[6, 1, 8]","[5, 2, 8]",,,,
16_17_22,1,"[3, 4, 5]",,,,,
16_17_23,1,"[5, 3, 5]",,,,,
16_17_24,1,"[3, 6, 4]",,,,,
16_17_25,1,"[2, 6, 3]",,,,,
16_17_26,1,"[4, 6, 3]",,,,,
16_18_19,1,"[4, 4, 4]",,,,,
16_18_20,1,"[4, 3, 1]",,,,,
16_18_21,1,"[7, 1, 8]",,,,,
16_18_22,1,"[4, 3, 4]",,,,,
16_18_23,1,"[4, 4, 5]",,,,,
16_18_24,1,"[4, 2, 4]",,,,,
16_18_25,1,"[3, 3, 3]",,,,,
16_18_26,1,"[5, 3, 3]",,,,,
16_19_20,1,"[6, 3, 0]",,,,,
16_19_21,2,"[7, 1, 8]","[7, 2, 7]",,,,
16_19_22,1,"[4, 3, 4]",,,,,
16_19_23,1,"[5, 4, 5]",,,,,
16_19_24,1,"[6, 1, 4]",,,,,
16_19_25,1,"[4, 3, 2]",,,,,
16_19_26,1,"[5, 3, 3]",,,,,
16_20_21,1,"[7, 0, 8]",,,,,
16_20_22,1,"[4, 2, 4]",,,,,
16_20_23,2,"[5, 1, 5]","[3, 2, 5]",,,,
16_20_24,1,"[4, 1, 4]",,,,,
16_20_25,1,"[3, 2, 3]",,,,,
16_20_26,1,"[3, 2, 4]",,,,,
16_21_22,2,"[4, 8, 5]","[3, 8, 6]",,,,
16_21_23,1,"[7, 8, 3]",,,,,
16_21_24,1,"[6, 8, 4]",,,,,
16_21_25,1,"[5, 8, 3]",,,,,
16_21_26,1,"[4, 8, 4]",,,,,
16_22_23,1,"[5, 3, 4]",,,,,
16_22_24,1,"[5, 4, 4]",,,,,
16_22_25,1,"[4, 5, 3]",,,,,
16_22_26,2,"[3, 6, 4]","[4, 5, 4]",,,,
16_23_24,1,"[6, 4, 2]",,,,,
16_23_25,1,"[6, 4, 1]",,,,,
16_23_26,1,"[6, 4, 2]",,,,,
16_24_25,1,"[4, 4, 3]",,,,,
16_24_26,1,"[5, 4, 3]",,,,,
16_25_26,1,"[3, 3, 4]",,,,,
17_18_19,1,"[8, 4, 4]",,,,,
17_18_20,1,"[8, 4, 0]",,,,,
17_18_21,1,"[8, 4, 5]",,,,,
17_18_22,1,"[8, 4, 4]",,,,,
17_18_23,1,"[8, 4, 4]",,,,,
17_18_24,1,"[8, 4, 3]",,,,,
17_18_25,1,"[8, 4, 2]",,,,,
17_18_26,1,"[8, 4, 3]",,,,,
17_19_20,1,"[8, 4, 0]",,,,,
17_19_21,1,"[8, 4, 5]",,,,,
17_19_22,1,"[8, 4, 4]",,,,,
17_19_23,1,"[8, 4, 4]",,,,,
17_19_24,1,"[8, 4, 3]",,,,,
17_19_25,1,"[8, 4, 2]",,,,,
17_19_26,1,"[8, 4, 3]",,,,,
17_20_21,1,"[2, 2, 6]",,,,,
17_20_22,1,"[0, 2, 6]",,,,,
17_20_23,1,"[2, 2, 5]",,,,,
17_20_24,1,"[4, 1, 4]",,,,,
17_20_25,1,"[2, 2, 3]",,,,,
17_20_26,1,"[2, 2, 4]",,,,,
17_21_22,1,"[4, 7, 6]",,,,,
17_21_23,1,"[6, 6, 4]",,,,,
17_21_24,1,"[2, 7, 5]",,,,,
17_21_25,1,"[6, 6, 3]",,,,,
17_21_26,1,"[6, 6, 4]",,,,,
17_22_23,1,"[8, 4, 4]",,,,,
17_22_24,1,"[4, 4, 4]",,,,,
17_22_25,1,"[6, 5, 3]",,,,,
17_22_26,1,"[6, 5, 4]",,,,,
17_23_24,1,"[8, 4, 3]",,,,,
17_23_25,1,"[8, 4, 2]",,,,,
17_23_26,1,"[8, 4, 3]",,,,,
17_24_25,1,"[4, 4, 3]",,,,,
17_24_26,1,"[6, 3, 4]",,,,,
17_25_26,1,"[4, 3, 4]",,,,,
18_19_20,1,"[4, 3, 1]",,,,,
18_19_21,1,"[4, 4, 5]",,,,,
18_19_22,1,"[4, 4, 4]",,,,,
18_19_23,1,"[4, 4, 5]",,,,,
18_19_24,1,"[4, 4, 3]",,,,,
18_19_25,1,"[4, 4, 2]",,,,,
18_19_26,1,"[4, 4, 3]",,,,,
18_20_21,1,"[2, 2, 6]",,,,,
18_20_22,1,"[1, 2, 6]",,,,,
18_20_23,1,"[3, 2, 5]",,,,,
18_20_24,1,"[1, 2, 4]",,,,,
18_20_25,1,"[2, 2, 3]",,,,,
18_20_26,1,"[1, 2, 4]",,,,,
18_21_22,1,"[2, 7, 6]",,,,,
18_21_23,1,"[4, 5, 5]",,,,,
18_21_24,1,"[0, 8, 5]",,,,,
18_21_25,1,"[3, 6, 3]",,,,,
18_21_26,1,"[3, 6, 4]",,,,,
18_22_23,2,"[4, 3, 5]","[4, 4, 4]",,,,
18_22_24,1,"[2, 4, 4]",,,,,
18_22_25,1,"[3, 5, 3]",,,,,
18_22_26,1,"[3, 5, 4]",,,,,
18_23_24,1,"[4, 4, 3]",,,,,
18_23_25,1,"[4, 4, 2]",,,,,
18_23_26,1,"[4, 4, 3]",,,,,
18_24_25,1,"[2, 4, 3]",,,,,
18_24_26,1,"[3, 3, 4]",,,,,
18_25_26,1,"[2, 3, 4]",,,,,
19_20_21,1,"[2, 2, 5]",,,,,
19_20_22,1,"[0, 2, 6]",,,,,
19_20_23,2,"[3, 1, 5]","[2, 2, 5]",,,,
19_20_24,1,"[1, 2, 4]",,,,,
19_20_25,1,"[1, 2, 3]",,,,,
19_20_26,1,"[1, 2, 4]",,,,,
19_21_22,1,"[2, 7, 6]",,,,,
19_21_23,1,"[4, 5, 5]",,,,,
19_21_24,1,"[0, 8, 5]",,,,,
19_21_25,1,"[3, 6, 3]",,,,,
19_21_26,1,"[3, 6, 4]",,,,,
19_22_23,2,"[4, 3, 5]","[4, 4, 4]",,,,
19_22_24,1,"[2, 4, 4]",,,,,
19_22_25,1,"[3, 5, 3]",,,,,
19_22_26,1,"[3, 5, 4]",,,,,
19_23_24,1,"[4, 4, 3]",,,,,
19_23_25,1,"[4, 4, 2]",,,,,
19_23_26,1,"[4, 4, 3]",,,,,
19_24_25,1,"[2, 4, 3]",,,,,
19_24_26,1,"[3, 3, 4]",,,,,
19_25_26,1,"[2, 3, 4]",,,,,
20_21_22,1,"[2, 7, 6]",,,,,
20_21_23,1,"[2, 6, 5]",,,,,
20_21_24,2,"[0, 8, 5]","[1, 7, 5]",,,,
20_21_25,1,"[2, 7, 3]",,,,,
20_21_26,1,"[2, 7, 4]",,,,,
20_22_23,1,"[3, 3, 4]",,,,,
20_22_24,2,"[2, 5, 3]","[2, 4, 4]",,,,
20_22_25,1,"[2, 6, 3]",,,,,
20_22_26,1,"[2, 6, 4]",,,,,
20_23_24,1,"[3, 4, 2]",,,,,
20_23_25,1,"[3, 4, 2]",,,,,
20_23_26,2,"[2, 4, 3]","[3, 4, 2]",,,,
20_24_25,1,"[2, 4, 3]",,,,,
20_24_26,1,"[2, 3, 4]",,,,,
20_25_26,1,"[2, 3, 4]",,,,,
21_22_23,1,"[8, 5, 2]",,,,,
21_22_24,1,"[9, 4, 4]",,,,,
21_22_25,1,"[8, 6, 3]",,,,,
21_22_26,1,"[8, 6, 4]",,,,,
21_23_24,1,"[8, 2, 4]",,,,,
21_23_25,1,"[7, 3, 3]",,,,,
21_23_26,1,"[7, 3, 3]",,,,,
21_24_25,1,"[9, 4, 3]",,,,,
21_24_26,1,"[8, 4, 3]",,,,,
21_25_26,1,"[8, 3, 4]",,,,,
22_23_24,1,"[4, 3, 3]",,,,,
22_23_25,1,"[5, 3, 3]",,,,,
22_23_26,1,"[5, 3, 4]",,,,,
22_24_25,2,"[5, 4, 3]","[4, 5, 3]",,,,
22_24_26,1,"[6, 3, 4]",,,,,
22_25_26,1,"[6, 3, 4]",,,,,
23_24_25,1,"[3, 4, 3]",,,,,
23_24_26,1,"[3, 3, 4]",,,,,
23_25_26,1,"[2, 3, 4]",,,,,
24_25_26,1,"[3, 3, 4]",,,,,
